game_pk,date,home_team,away_team,home_starter_id,home_starter_name,away_starter_id,away_starter_name
823244,2026-03-25,San Francisco Giants,New York Yankees,657277,"Webb, Logan",608331,"Fried, Max"
823081,2026-03-26,St. Louis Cardinals,Tampa Bay Rays,669461,"Liberatore, Matthew",656876,"Rasmussen, Drew"
823163,2026-03-26,Seattle Mariners,Cleveland Guardians,669302,"Gilbert, Logan",676440,"Bibee, Tanner"
823325,2026-03-26,San Diego Padres,Detroit Tigers,601713,"Pivetta, Nick",669373,"Skubal, Tarik"
823486,2026-03-26,Philadelphia Phillies,Texas Rangers,650911,"Sánchez, Cristopher",543135,"Eovaldi, Nathan"
823649,2026-03-26,New York Mets,Pittsburgh Pirates,642547,"Peralta, Freddy",694973,"Skenes, Paul"
823812,2026-03-26,Milwaukee Brewers,Chicago White Sox,694819,"Misiorowski, Jacob",681343,"Smith, Shane"
823974,2026-03-26,Los Angeles Dodgers,Arizona Diamondbacks,808967,"Yamamoto, Yoshinobu",668678,"Gallen, Zac"
824218,2026-03-26,Houston Astros,Los Angeles Angels,686613,"Brown, Hunter",667755,"Soriano, José"
824541,2026-03-26,Cincinnati Reds,Boston Red Sox,671096,"Abbott, Andrew",676979,"Crochet, Garrett"
824704,2026-03-26,Chicago Cubs,Washington Nationals,571510,"Boyd, Matthew",676917,"Cavalli, Cade"
824865,2026-03-26,Baltimore Orioles,Minnesota Twins,669432,"Rogers, Trevor",657746,"Ryan, Joe"
822839,2026-03-27,Toronto Blue Jays,Athletics,592332,"Gausman, Kevin",622663,"Severino, Luis"
823162,2026-03-27,Seattle Mariners,Cleveland Guardians,669923,"Kirby, George",668909,"Williams, Gavin"
823243,2026-03-27,San Francisco Giants,New York Yankees,592662,"Ray, Robbie",693645,"Schlittler, Cam"
823324,2026-03-27,San Diego Padres,Detroit Tigers,650633,"King, Michael",664285,"Valdez, Framber"
823893,2026-03-27,Miami Marlins,Colorado Rockies,645261,"Alcantara, Sandy",607536,"Freeland, Kyle"
823971,2026-03-27,Los Angeles Dodgers,Arizona Diamondbacks,686218,"Sheehan, Emmet",669194,"Nelson, Ryne"
824216,2026-03-27,Houston Astros,Los Angeles Angels,681347,"Burrows, Mike",579328,"Kikuchi, Yusei"
824946,2026-03-27,Atlanta Braves,Kansas City Royals,519242,"Sale, Chris",666142,"Ragans, Cole"
822838,2026-03-28,Toronto Blue Jays,Athletics,656302,"Cease, Dylan",605488,"Springs, Jeffrey"
823082,2026-03-28,St. Louis Cardinals,Tampa Bay Rays,700241,"McGreevy, Michael",671212,"Boyle, Joe"
823161,2026-03-28,Seattle Mariners,Cleveland Guardians,693433,"Woo, Bryan",676282,"Cantillo, Joey"
823241,2026-03-28,San Francisco Giants,New York Yankees,641816,"Mahle, Tyler",701542,"Warren, Will"
823323,2026-03-28,San Diego Padres,Detroit Tigers,681190,"Vásquez, Randy",656427,"Flaherty, Jack"
823488,2026-03-28,Philadelphia Phillies,Texas Rangers,605400,"Nola, Aaron",656641,"Latz, Jacob"
823651,2026-03-28,New York Mets,Pittsburgh Pirates,656849,"Peterson, David",656605,"Keller, Mitch"
823811,2026-03-28,Milwaukee Brewers,Chicago White Sox,694477,"Patrick, Chad",680732,"Burke, Sean"
823892,2026-03-28,Miami Marlins,Colorado Rockies,691587,"Pérez, Eury",547179,"Lorenzen, Michael"
823973,2026-03-28,Los Angeles Dodgers,Arizona Diamondbacks,607192,"Glasnow, Tyler",593958,"Rodriguez, Eduardo"
824213,2026-03-28,Houston Astros,Los Angeles Angels,664299,"Javier, Cristian",672282,"Detmers, Reid"
824540,2026-03-28,Cincinnati Reds,Boston Red Sox,663903,"Singer, Brady",543243,"Gray, Sonny"
824701,2026-03-28,Chicago Cubs,Washington Nationals,690990,"Horton, Cade",571945,"Mikolas, Miles"
824862,2026-03-28,Baltimore Orioles,Minnesota Twins,680694,"Bradish, Kyle",671737,"Bradley, Taj"
824945,2026-03-28,Atlanta Braves,Kansas City Royals,625643,"López, Reynaldo",608379,"Wacha, Michael"
822837,2026-03-29,Toronto Blue Jays,Athletics,641778,"Lauer, Eric",806960,"Morales, Luis"
823079,2026-03-29,St. Louis Cardinals,Tampa Bay Rays,669160,"May, Dustin",571927,"Matz, Steven"
823160,2026-03-29,Seattle Mariners,Cleveland Guardians,676106,"Hancock, Emerson",677944,"Cecconi, Slade"
823487,2026-03-29,Philadelphia Phillies,Texas Rangers,666200,"Luzardo, Jesús",669022,"Gore, MacKenzie"
823647,2026-03-29,New York Mets,Pittsburgh Pirates,690997,"McLean, Nolan",669387,"Mlodzinski, Carmen"
823810,2026-03-29,Milwaukee Brewers,Chicago White Sox,687075,"Sproat, Brandon",641743,"Kay, Anthony"
823891,2026-03-29,Miami Marlins,Colorado Rockies,676974,"Meyer, Max",500779,"Quintana, Jose"
824215,2026-03-29,Houston Astros,Los Angeles Angels,837227,"Imai, Tatsuya",686799,"Kochanowicz, Jack"
824538,2026-03-29,Cincinnati Reds,Boston Red Sox,695076,"Lowder, Rhett",813349,"Early, Connelly"
824700,2026-03-29,Chicago Cubs,Washington Nationals,684007,"Imanaga, Shota",663623,"Irvin, Jake"
824864,2026-03-29,Baltimore Orioles,Minnesota Twins,669358,"Baz, Shane",641927,"Ober, Bailey"
824944,2026-03-29,Atlanta Braves,Kansas City Royals,656550,"Holmes, Grant",607625,"Lugo, Seth"
822834,2026-03-30,Toronto Blue Jays,Colorado Rockies,664074,"Ponce, Cody",608372,"Sugano, Tomoyuki"
823080,2026-03-30,St. Louis Cardinals,New York Mets,681517,"Leahy, Kyle",605280,"Holmes, Clay"
823159,2026-03-30,Seattle Mariners,New York Yankees,622491,"Castillo, Luis",677960,"Weathers, Ryan"
823320,2026-03-30,San Diego Padres,San Francisco Giants,621111,"Buehler, Walker",694738,"Roupp, Landen"
823484,2026-03-30,Philadelphia Phillies,Washington Nationals,592836,"Walker, Taijuan",656492,"Griffin, Foster"
823809,2026-03-30,Milwaukee Brewers,Tampa Bay Rays,690986,"Harrison, Kyle",607259,"Martinez, Nick"
823890,2026-03-30,Miami Marlins,Chicago White Sox,663978,"Paddack, Chris",663436,"Martin, Davis"
823972,2026-03-30,Los Angeles Dodgers,Cleveland Guardians,808963,"Sasaki, Roki",800048,"Messick, Parker"
824135,2026-03-30,Kansas City Royals,Minnesota Twins,663460,"Bubic, Kris",680573,"Woods Richardson, Simeon"
824214,2026-03-30,Houston Astros,Boston Red Sox,621121,"McCullers Jr., Lance",624133,"Suarez, Ranger"
824539,2026-03-30,Cincinnati Reds,Pittsburgh Pirates,695505,"Burns, Chase",677952,"Ashcraft, Braxton"
824702,2026-03-30,Chicago Cubs,Los Angeles Angels,665795,"Cabrera, Edward",696270,"Johnson, Ryan"
824863,2026-03-30,Baltimore Orioles,Texas Rangers,605135,"Bassitt, Chris",683004,"Leiter, Jack"
824943,2026-03-30,Atlanta Braves,Athletics,693821,"Elder, Bryce",682052,"Lopez, Jacob"
825108,2026-03-30,Arizona Diamondbacks,Detroit Tigers,647336,"Soroka, Michael",434378,"Verlander, Justin"
822836,2026-03-31,Toronto Blue Jays,Colorado Rockies,453286,"Scherzer, Max",663372,"Feltner, Ryan"
823077,2026-03-31,St. Louis Cardinals,New York Mets,669467,"Pallante, Andre",673540,"Senga, Kodai"
823158,2026-03-31,Seattle Mariners,New York Yankees,669302,"Gilbert, Logan",608331,"Fried, Max"
823322,2026-03-31,San Diego Padres,San Francisco Giants,608566,"Márquez, Germán",657277,"Webb, Logan"
823485,2026-03-31,Philadelphia Phillies,Washington Nationals,691725,"Painter, Andrew",676571,"Poulin, PJ"
823807,2026-03-31,Milwaukee Brewers,Tampa Bay Rays,605540,"Woodruff, Brandon",663556,"McClanahan, Shane"
823888,2026-03-31,Miami Marlins,Chicago White Sox,676083,"Junk, Janson",607200,"Fedde, Erick"
823969,2026-03-31,Los Angeles Dodgers,Cleveland Guardians,660271,"Ohtani, Shohei",676440,"Bibee, Tanner"
824212,2026-03-31,Houston Astros,Boston Red Sox,686613,"Brown, Hunter",678394,"Bello, Brayan"
824537,2026-03-31,Cincinnati Reds,Pittsburgh Pirates,682227,"Williamson, Brandon",696149,"Chandler, Bubba"
824699,2026-03-31,Chicago Cubs,Los Angeles Angels,592791,"Taillon, Jameson",667755,"Soriano, José"
824861,2026-03-31,Baltimore Orioles,Texas Rangers,621107,"Eflin, Zach",594798,"deGrom, Jacob"
824942,2026-03-31,Atlanta Braves,Athletics,660761,"Suarez, José",650644,"Civale, Aaron"
825107,2026-03-31,Arizona Diamondbacks,Detroit Tigers,694297,"Pfaadt, Brandon",663554,"Mize, Casey"
822835,2026-04-01,Toronto Blue Jays,Colorado Rockies,592332,"Gausman, Kevin",607536,"Freeland, Kyle"
823078,2026-04-01,St. Louis Cardinals,New York Mets,669461,"Liberatore, Matthew",642547,"Peralta, Freddy"
823157,2026-04-01,Seattle Mariners,New York Yankees,669923,"Kirby, George",693645,"Schlittler, Cam"
823321,2026-04-01,San Diego Padres,San Francisco Giants,601713,"Pivetta, Nick",605288,"Houser, Adrian"
823483,2026-04-01,Philadelphia Phillies,Washington Nationals,650911,"Sánchez, Cristopher",676917,"Cavalli, Cade"
823806,2026-04-01,Milwaukee Brewers,Tampa Bay Rays,694819,"Misiorowski, Jacob",656876,"Rasmussen, Drew"
823889,2026-04-01,Miami Marlins,Chicago White Sox,645261,"Alcantara, Sandy",681343,"Smith, Shane"
823970,2026-04-01,Los Angeles Dodgers,Cleveland Guardians,808967,"Yamamoto, Yoshinobu",668909,"Williams, Gavin"
824136,2026-04-01,Kansas City Royals,Minnesota Twins,702070,"Cameron, Noah",657746,"Ryan, Joe"
824211,2026-04-01,Houston Astros,Boston Red Sox,681347,"Burrows, Mike",676979,"Crochet, Garrett"
824536,2026-04-01,Cincinnati Reds,Pittsburgh Pirates,671096,"Abbott, Andrew",694973,"Skenes, Paul"
824698,2026-04-01,Chicago Cubs,Los Angeles Angels,571510,"Boyd, Matthew",579328,"Kikuchi, Yusei"
824860,2026-04-01,Baltimore Orioles,Texas Rangers,669432,"Rogers, Trevor",543135,"Eovaldi, Nathan"
824940,2026-04-01,Atlanta Braves,Athletics,519242,"Sale, Chris",622663,"Severino, Luis"
825106,2026-04-01,Arizona Diamondbacks,Detroit Tigers,668678,"Gallen, Zac",669373,"Skubal, Tarik"
823242,2026-04-02,San Francisco Giants,New York Mets,592662,"Ray, Robbie",656849,"Peterson, David"
824133,2026-04-02,Kansas City Royals,Minnesota Twins,666142,"Ragans, Cole",671737,"Bradley, Taj"
825105,2026-04-02,Arizona Diamondbacks,Atlanta Braves,669194,"Nelson, Ryne",625643,"López, Reynaldo"
822758,2026-04-03,Washington Nationals,Los Angeles Dodgers,571945,"Mikolas, Miles",686218,"Sheehan, Emmet"
822919,2026-04-03,Texas Rangers,Cincinnati Reds,669022,"Gore, MacKenzie",663903,"Singer, Brady"
823240,2026-04-03,San Francisco Giants,New York Mets,641816,"Mahle, Tyler",690997,"McLean, Nolan"
823406,2026-04-03,Pittsburgh Pirates,Baltimore Orioles,656605,"Keller, Mitch",680694,"Bradish, Kyle"
823568,2026-04-03,New York Yankees,Miami Marlins,701542,"Warren, Will",691587,"Pérez, Eury"
823732,2026-04-03,Minnesota Twins,Tampa Bay Rays,641927,"Ober, Bailey",671212,"Boyle, Joe"
824056,2026-04-03,Los Angeles Angels,Seattle Mariners,672282,"Detmers, Reid",693433,"Woo, Bryan"
824299,2026-04-03,Detroit Tigers,St. Louis Cardinals,664285,"Valdez, Framber",700241,"McGreevy, Michael"
824377,2026-04-03,Colorado Rockies,Philadelphia Phillies,547179,"Lorenzen, Michael",605400,"Nola, Aaron"
824458,2026-04-03,Cleveland Guardians,Chicago Cubs,676282,"Cantillo, Joey",690990,"Horton, Cade"
824621,2026-04-03,Chicago White Sox,Toronto Blue Jays,691799,"Taylor, Grant",656302,"Cease, Dylan"
824786,2026-04-03,Boston Red Sox,San Diego Padres,543243,"Gray, Sonny",650633,"King, Michael"
825026,2026-04-03,Athletics,Houston Astros,605488,"Springs, Jeffrey",664299,"Javier, Cristian"
825103,2026-04-03,Arizona Diamondbacks,Atlanta Braves,593958,"Rodriguez, Eduardo",656550,"Holmes, Grant"
822757,2026-04-04,Washington Nationals,Los Angeles Dodgers,663623,"Irvin, Jake",607192,"Glasnow, Tyler"
822920,2026-04-04,Texas Rangers,Cincinnati Reds,677958,"Rocker, Kumar",695076,"Lowder, Rhett"
823239,2026-04-04,San Francisco Giants,New York Mets,694738,"Roupp, Landen",605280,"Holmes, Clay"
823404,2026-04-04,Pittsburgh Pirates,Baltimore Orioles,669387,"Mlodzinski, Carmen",669358,"Baz, Shane"
823569,2026-04-04,New York Yankees,Miami Marlins,677960,"Weathers, Ryan",676974,"Meyer, Max"
823730,2026-04-04,Minnesota Twins,Tampa Bay Rays,690953,"Abel, Mick",571927,"Matz, Steven"
824054,2026-04-04,Los Angeles Angels,Seattle Mariners,686799,"Kochanowicz, Jack",676106,"Hancock, Emerson"
824132,2026-04-04,Kansas City Royals,Milwaukee Brewers,679883,"Avila, Luinder",694477,"Patrick, Chad"
824134,2026-04-04,Kansas City Royals,Milwaukee Brewers,607625,"Lugo, Seth",701656,"Henderson, Logan"
824295,2026-04-04,Detroit Tigers,St. Louis Cardinals,656427,"Flaherty, Jack",669160,"May, Dustin"
824378,2026-04-04,Colorado Rockies,Philadelphia Phillies,657514,"Bernardino, Brennan",666200,"Luzardo, Jesús"
824622,2026-04-04,Chicago White Sox,Toronto Blue Jays,691799,"Taylor, Grant",689254,"Fluharty, Mason"
824782,2026-04-04,Boston Red Sox,San Diego Padres,813349,"Early, Connelly",681190,"Vásquez, Randy"
825027,2026-04-04,Athletics,Houston Astros,806960,"Morales, Luis",837227,"Imai, Tatsuya"
825104,2026-04-04,Arizona Diamondbacks,Atlanta Braves,647336,"Soroka, Michael",693821,"Elder, Bryce"
822756,2026-04-05,Washington Nationals,Los Angeles Dodgers,656492,"Griffin, Foster",808963,"Sasaki, Roki"
822917,2026-04-05,Texas Rangers,Cincinnati Reds,683004,"Leiter, Jack",695505,"Burns, Chase"
823238,2026-04-05,San Francisco Giants,New York Mets,657277,"Webb, Logan",673540,"Senga, Kodai"
823405,2026-04-05,Pittsburgh Pirates,Baltimore Orioles,677952,"Ashcraft, Braxton",605135,"Bassitt, Chris"
823566,2026-04-05,New York Yankees,Miami Marlins,608331,"Fried, Max",664126,"Fairbanks, Pete"
823729,2026-04-05,Minnesota Twins,Tampa Bay Rays,680573,"Woods Richardson, Simeon",607259,"Martinez, Nick"
824053,2026-04-05,Los Angeles Angels,Seattle Mariners,691946,"Klassen, George",622491,"Castillo, Luis"
824131,2026-04-05,Kansas City Royals,Milwaukee Brewers,663460,"Bubic, Kris",690986,"Harrison, Kyle"
824296,2026-04-05,Detroit Tigers,St. Louis Cardinals,672456,"Montero, Keider",681517,"Leahy, Kyle"
824379,2026-04-05,Colorado Rockies,Philadelphia Phillies,608372,"Sugano, Tomoyuki",592836,"Walker, Taijuan"
824459,2026-04-05,Cleveland Guardians,Chicago Cubs,677944,"Cecconi, Slade",665795,"Cabrera, Edward"
824460,2026-04-05,Cleveland Guardians,Chicago Cubs,800048,"Messick, Parker",684007,"Imanaga, Shota"
824620,2026-04-05,Chicago White Sox,Toronto Blue Jays,663436,"Martin, Davis",641778,"Lauer, Eric"
824781,2026-04-05,Boston Red Sox,San Diego Padres,624133,"Suarez, Ranger",621111,"Buehler, Walker"
825025,2026-04-05,Athletics,Houston Astros,682052,"Lopez, Jacob",621121,"McCullers Jr., Lance"
825102,2026-04-05,Arizona Diamondbacks,Atlanta Braves,694297,"Pfaadt, Brandon",527048,"Pérez, Martín"
822755,2026-04-06,Washington Nationals,St. Louis Cardinals,641793,"Littell, Zack",669467,"Pallante, Andre"
822832,2026-04-06,Toronto Blue Jays,Los Angeles Dodgers,453286,"Scherzer, Max",680736,"Wrobleski, Justin"
822918,2026-04-06,Texas Rangers,Seattle Mariners,594798,"deGrom, Jacob",669302,"Gilbert, Logan"
823002,2026-04-06,Tampa Bay Rays,Chicago Cubs,663556,"McClanahan, Shane",592791,"Taillon, Jameson"
823237,2026-04-06,San Francisco Giants,Philadelphia Phillies,605288,"Houser, Adrian",691725,"Painter, Andrew"
823401,2026-04-06,Pittsburgh Pirates,San Diego Padres,696149,"Chandler, Bubba",608566,"Márquez, Germán"
823728,2026-04-06,Minnesota Twins,Detroit Tigers,657746,"Ryan, Joe",663554,"Mize, Casey"
823886,2026-04-06,Miami Marlins,Cincinnati Reds,676083,"Junk, Janson",682227,"Williamson, Brandon"
824052,2026-04-06,Los Angeles Angels,Atlanta Braves,667755,"Soriano, José",519242,"Sale, Chris"
824376,2026-04-06,Colorado Rockies,Houston Astros,663372,"Feltner, Ryan",675989,"Bolton, Cody"
824456,2026-04-06,Cleveland Guardians,Kansas City Royals,676440,"Bibee, Tanner",608379,"Wacha, Michael"
824619,2026-04-06,Chicago White Sox,Baltimore Orioles,691799,"Taylor, Grant",687064,"Young, Brandon"
824783,2026-04-06,Boston Red Sox,Milwaukee Brewers,678394,"Bello, Brayan",605540,"Woodruff, Brandon"
822754,2026-04-07,Washington Nationals,St. Louis Cardinals,676917,"Cavalli, Cade",669461,"Liberatore, Matthew"
822831,2026-04-07,Toronto Blue Jays,Los Angeles Dodgers,592332,"Gausman, Kevin",808967,"Yamamoto, Yoshinobu"
822916,2026-04-07,Texas Rangers,Seattle Mariners,543135,"Eovaldi, Nathan",669923,"Kirby, George"
822999,2026-04-07,Tampa Bay Rays,Chicago Cubs,669438,"Englert, Mason",665871,"Assad, Javier"
823235,2026-04-07,San Francisco Giants,Philadelphia Phillies,592662,"Ray, Robbie",650911,"Sánchez, Cristopher"
823402,2026-04-07,Pittsburgh Pirates,San Diego Padres,694973,"Skenes, Paul",601713,"Pivetta, Nick"
823567,2026-04-07,New York Yankees,Athletics,693645,"Schlittler, Cam",650644,"Civale, Aaron"
823648,2026-04-07,New York Mets,Arizona Diamondbacks,642547,"Peralta, Freddy",668678,"Gallen, Zac"
823727,2026-04-07,Minnesota Twins,Detroit Tigers,671737,"Bradley, Taj",669373,"Skubal, Tarik"
823887,2026-04-07,Miami Marlins,Cincinnati Reds,645261,"Alcantara, Sandy",671096,"Abbott, Andrew"
824051,2026-04-07,Los Angeles Angels,Atlanta Braves,579328,"Kikuchi, Yusei",625643,"López, Reynaldo"
824375,2026-04-07,Colorado Rockies,Houston Astros,607536,"Freeland, Kyle",681347,"Burrows, Mike"
824457,2026-04-07,Cleveland Guardians,Kansas City Royals,668909,"Williams, Gavin",702070,"Cameron, Noah"
824618,2026-04-07,Chicago White Sox,Baltimore Orioles,681343,"Smith, Shane",669432,"Rogers, Trevor"
824780,2026-04-07,Boston Red Sox,Milwaukee Brewers,676979,"Crochet, Garrett",694819,"Misiorowski, Jacob"
822753,2026-04-08,Washington Nationals,St. Louis Cardinals,571945,"Mikolas, Miles",700241,"McGreevy, Michael"
822833,2026-04-08,Toronto Blue Jays,Los Angeles Dodgers,656302,"Cease, Dylan",660271,"Ohtani, Shohei"
822915,2026-04-08,Texas Rangers,Seattle Mariners,669022,"Gore, MacKenzie",693433,"Woo, Bryan"
823000,2026-04-08,Tampa Bay Rays,Chicago Cubs,671212,"Boyle, Joe",607067,"Rea, Colin"
823234,2026-04-08,San Francisco Giants,Philadelphia Phillies,641816,"Mahle, Tyler",605400,"Nola, Aaron"
823403,2026-04-08,Pittsburgh Pirates,San Diego Padres,656605,"Keller, Mitch",650633,"King, Michael"
823564,2026-04-08,New York Yankees,Athletics,701542,"Warren, Will",622663,"Severino, Luis"
823646,2026-04-08,New York Mets,Arizona Diamondbacks,656849,"Peterson, David",669194,"Nelson, Ryne"
823726,2026-04-08,Minnesota Twins,Detroit Tigers,641927,"Ober, Bailey",664285,"Valdez, Framber"
823885,2026-04-08,Miami Marlins,Cincinnati Reds,691587,"Pérez, Eury",663903,"Singer, Brady"
824050,2026-04-08,Los Angeles Angels,Atlanta Braves,672282,"Detmers, Reid",656550,"Holmes, Grant"
824374,2026-04-08,Colorado Rockies,Houston Astros,547179,"Lorenzen, Michael",664299,"Javier, Cristian"
824455,2026-04-08,Cleveland Guardians,Kansas City Royals,676282,"Cantillo, Joey",666142,"Ragans, Cole"
824617,2026-04-08,Chicago White Sox,Baltimore Orioles,680732,"Burke, Sean",680694,"Bradish, Kyle"
824779,2026-04-08,Boston Red Sox,Milwaukee Brewers,543243,"Gray, Sonny",675660,"Drohan, Shane"
823319,2026-04-09,San Diego Padres,Colorado Rockies,681190,"Vásquez, Randy",623474,"Herget, Jimmy"
823565,2026-04-09,New York Yankees,Athletics,677960,"Weathers, Ryan",605488,"Springs, Jeffrey"
823645,2026-04-09,New York Mets,Arizona Diamondbacks,690997,"McLean, Nolan",593958,"Rodriguez, Eduardo"
823724,2026-04-09,Minnesota Twins,Detroit Tigers,690953,"Abel, Mick",656427,"Flaherty, Jack"
823884,2026-04-09,Miami Marlins,Cincinnati Reds,676974,"Meyer, Max",695076,"Lowder, Rhett"
824130,2026-04-09,Kansas City Royals,Chicago White Sox,607625,"Lugo, Seth",641743,"Kay, Anthony"
822829,2026-04-10,Toronto Blue Jays,Minnesota Twins,571578,"Corbin, Patrick",680573,"Woods Richardson, Simeon"
822997,2026-04-10,Tampa Bay Rays,New York Yankees,571927,"Matz, Steven",661563,"Gil, Luis"
823076,2026-04-10,St. Louis Cardinals,Boston Red Sox,669160,"May, Dustin",813349,"Early, Connelly"
823156,2026-04-10,Seattle Mariners,Houston Astros,676106,"Hancock, Emerson",837227,"Imai, Tatsuya"
823318,2026-04-10,San Diego Padres,Colorado Rockies,621111,"Buehler, Walker",608372,"Sugano, Tomoyuki"
823482,2026-04-10,Philadelphia Phillies,Arizona Diamondbacks,666200,"Luzardo, Jesús",647336,"Soroka, Michael"
823643,2026-04-10,New York Mets,Athletics,605280,"Holmes, Clay",669372,"Ginn, J.T."
823808,2026-04-10,Milwaukee Brewers,Washington Nationals,676879,"Ashby, Aaron",663623,"Irvin, Jake"
823968,2026-04-10,Los Angeles Dodgers,Texas Rangers,607192,"Glasnow, Tyler",677958,"Rocker, Kumar"
824128,2026-04-10,Kansas City Royals,Chicago White Sox,663460,"Bubic, Kris",663436,"Martin, Davis"
824297,2026-04-10,Detroit Tigers,Miami Marlins,672456,"Montero, Keider",663978,"Paddack, Chris"
824534,2026-04-10,Cincinnati Reds,Los Angeles Angels,695505,"Burns, Chase",686799,"Kochanowicz, Jack"
824695,2026-04-10,Chicago Cubs,Pittsburgh Pirates,684007,"Imanaga, Shota",669387,"Mlodzinski, Carmen"
824858,2026-04-10,Baltimore Orioles,San Francisco Giants,669358,"Baz, Shane",694738,"Roupp, Landen"
824941,2026-04-10,Atlanta Braves,Cleveland Guardians,693821,"Elder, Bryce",677944,"Cecconi, Slade"
822830,2026-04-11,Toronto Blue Jays,Minnesota Twins,641778,"Lauer, Eric",657746,"Ryan, Joe"
822996,2026-04-11,Tampa Bay Rays,New York Yankees,607259,"Martinez, Nick",608331,"Fried, Max"
823074,2026-04-11,St. Louis Cardinals,Boston Red Sox,681517,"Leahy, Kyle",624133,"Suarez, Ranger"
823155,2026-04-11,Seattle Mariners,Houston Astros,622491,"Castillo, Luis",621121,"McCullers Jr., Lance"
823316,2026-04-11,San Diego Padres,Colorado Rockies,608566,"Márquez, Germán",663372,"Feltner, Ryan"
823480,2026-04-11,Philadelphia Phillies,Arizona Diamondbacks,592836,"Walker, Taijuan",694297,"Pfaadt, Brandon"
823644,2026-04-11,New York Mets,Athletics,673540,"Senga, Kodai",682052,"Lopez, Jacob"
823805,2026-04-11,Milwaukee Brewers,Washington Nationals,690986,"Harrison, Kyle",656492,"Griffin, Foster"
823967,2026-04-11,Los Angeles Dodgers,Texas Rangers,686218,"Sheehan, Emmet",683004,"Leiter, Jack"
824129,2026-04-11,Kansas City Royals,Chicago White Sox,608379,"Wacha, Michael",607200,"Fedde, Erick"
824294,2026-04-11,Detroit Tigers,Miami Marlins,663554,"Mize, Casey",676083,"Junk, Janson"
824535,2026-04-11,Cincinnati Reds,Los Angeles Angels,682227,"Williamson, Brandon",691946,"Klassen, George"
824697,2026-04-11,Chicago Cubs,Pittsburgh Pirates,665795,"Cabrera, Edward",677952,"Ashcraft, Braxton"
824857,2026-04-11,Baltimore Orioles,San Francisco Giants,605135,"Bassitt, Chris",657277,"Webb, Logan"
824939,2026-04-11,Atlanta Braves,Cleveland Guardians,527048,"Pérez, Martín",800048,"Messick, Parker"
822828,2026-04-12,Toronto Blue Jays,Minnesota Twins,453286,"Scherzer, Max",671737,"Bradley, Taj"
822998,2026-04-12,Tampa Bay Rays,New York Yankees,656876,"Rasmussen, Drew",693645,"Schlittler, Cam"
823075,2026-04-12,St. Louis Cardinals,Boston Red Sox,669467,"Pallante, Andre",678394,"Bello, Brayan"
823154,2026-04-12,Seattle Mariners,Houston Astros,669302,"Gilbert, Logan",675989,"Bolton, Cody"
823317,2026-04-12,San Diego Padres,Colorado Rockies,601713,"Pivetta, Nick",623474,"Herget, Jimmy"
823479,2026-04-12,Philadelphia Phillies,Arizona Diamondbacks,647315,"Pop, Zach",668678,"Gallen, Zac"
823642,2026-04-12,New York Mets,Athletics,642547,"Peralta, Freddy",650644,"Civale, Aaron"
823804,2026-04-12,Milwaukee Brewers,Washington Nationals,605540,"Woodruff, Brandon",641793,"Littell, Zack"
823966,2026-04-12,Los Angeles Dodgers,Texas Rangers,808963,"Sasaki, Roki",594798,"deGrom, Jacob"
824126,2026-04-12,Kansas City Royals,Chicago White Sox,702070,"Cameron, Noah",691799,"Taylor, Grant"
824293,2026-04-12,Detroit Tigers,Miami Marlins,669373,"Skubal, Tarik",645261,"Alcantara, Sandy"
824533,2026-04-12,Cincinnati Reds,Los Angeles Angels,671096,"Abbott, Andrew",667755,"Soriano, José"
824696,2026-04-12,Chicago Cubs,Pittsburgh Pirates,592791,"Taillon, Jameson",696149,"Chandler, Bubba"
824859,2026-04-12,Baltimore Orioles,San Francisco Giants,700249,"Povich, Cade",605288,"Houser, Adrian"
824938,2026-04-12,Atlanta Braves,Cleveland Guardians,519242,"Sale, Chris",676440,"Bibee, Tanner"
823073,2026-04-13,St. Louis Cardinals,Cleveland Guardians,669461,"Liberatore, Matthew",668909,"Williams, Gavin"
823153,2026-04-13,Seattle Mariners,Houston Astros,669923,"Kirby, George",681347,"Burrows, Mike"
823400,2026-04-13,Pittsburgh Pirates,Washington Nationals,694973,"Skenes, Paul",676917,"Cavalli, Cade"
823481,2026-04-13,Philadelphia Phillies,Chicago Cubs,650911,"Sánchez, Cristopher",665871,"Assad, Javier"
823563,2026-04-13,New York Yankees,Los Angeles Angels,701542,"Warren, Will",579328,"Kikuchi, Yusei"
823725,2026-04-13,Minnesota Twins,Boston Red Sox,641927,"Ober, Bailey",676979,"Crochet, Garrett"
823964,2026-04-13,Los Angeles Dodgers,New York Mets,680736,"Wrobleski, Justin",656849,"Peterson, David"
824856,2026-04-13,Baltimore Orioles,Arizona Diamondbacks,665152,"Kremer, Dean",669194,"Nelson, Ryne"
824937,2026-04-13,Atlanta Braves,Miami Marlins,656550,"Holmes, Grant",691587,"Pérez, Eury"
825024,2026-04-13,Athletics,Texas Rangers,622663,"Severino, Luis",543135,"Eovaldi, Nathan"
823072,2026-04-14,St. Louis Cardinals,Cleveland Guardians,700241,"McGreevy, Michael",676282,"Cantillo, Joey"
823315,2026-04-14,San Diego Padres,Seattle Mariners,650633,"King, Michael",693433,"Woo, Bryan"
823398,2026-04-14,Pittsburgh Pirates,Washington Nationals,656605,"Keller, Mitch",676571,"Poulin, PJ"
823478,2026-04-14,Philadelphia Phillies,Chicago Cubs,605400,"Nola, Aaron",702303,"Martin, Riley"
823562,2026-04-14,New York Yankees,Los Angeles Angels,677960,"Weathers, Ryan",672282,"Detmers, Reid"
823723,2026-04-14,Minnesota Twins,Boston Red Sox,690953,"Abel, Mick",543243,"Gray, Sonny"
823802,2026-04-14,Milwaukee Brewers,Toronto Blue Jays,694819,"Misiorowski, Jacob",592332,"Gausman, Kevin"
823965,2026-04-14,Los Angeles Dodgers,New York Mets,808967,"Yamamoto, Yoshinobu",690997,"McLean, Nolan"
824210,2026-04-14,Houston Astros,Colorado Rockies,676467,"Gordon, Colton",547179,"Lorenzen, Michael"
824292,2026-04-14,Detroit Tigers,Kansas City Royals,664285,"Valdez, Framber",666142,"Ragans, Cole"
824531,2026-04-14,Cincinnati Reds,San Francisco Giants,663903,"Singer, Brady",592662,"Ray, Robbie"
824616,2026-04-14,Chicago White Sox,Tampa Bay Rays,702273,"Schultz, Noah",663556,"McClanahan, Shane"
824853,2026-04-14,Baltimore Orioles,Arizona Diamondbacks,669432,"Rogers, Trevor",518876,"Kelly, Merrill"
824935,2026-04-14,Atlanta Braves,Miami Marlins,625643,"López, Reynaldo",676974,"Meyer, Max"
825022,2026-04-14,Athletics,Texas Rangers,605488,"Springs, Jeffrey",669022,"Gore, MacKenzie"
823071,2026-04-15,St. Louis Cardinals,Cleveland Guardians,669160,"May, Dustin",677944,"Cecconi, Slade"
823314,2026-04-15,San Diego Padres,Seattle Mariners,681190,"Vásquez, Randy",676106,"Hancock, Emerson"
823399,2026-04-15,Pittsburgh Pirates,Washington Nationals,682254,"Montgomery, Mason",663623,"Irvin, Jake"
823477,2026-04-15,Philadelphia Phillies,Chicago Cubs,666200,"Luzardo, Jesús",684007,"Imanaga, Shota"
823561,2026-04-15,New York Yankees,Los Angeles Angels,661563,"Gil, Luis",686799,"Kochanowicz, Jack"
823722,2026-04-15,Minnesota Twins,Boston Red Sox,680573,"Woods Richardson, Simeon",813349,"Early, Connelly"
823803,2026-04-15,Milwaukee Brewers,Toronto Blue Jays,694477,"Patrick, Chad",656302,"Cease, Dylan"
823963,2026-04-15,Los Angeles Dodgers,New York Mets,660271,"Ohtani, Shohei",605280,"Holmes, Clay"
824209,2026-04-15,Houston Astros,Colorado Rockies,681293,"Arrighetti, Spencer",500779,"Quintana, Jose"
824291,2026-04-15,Detroit Tigers,Kansas City Royals,656427,"Flaherty, Jack",607625,"Lugo, Seth"
824532,2026-04-15,Cincinnati Reds,San Francisco Giants,695076,"Lowder, Rhett",641816,"Mahle, Tyler"
824615,2026-04-15,Chicago White Sox,Tampa Bay Rays,680732,"Burke, Sean",642121,"Sulser, Cole"
824855,2026-04-15,Baltimore Orioles,Arizona Diamondbacks,680694,"Bradish, Kyle",593958,"Rodriguez, Eduardo"
824936,2026-04-15,Atlanta Braves,Miami Marlins,693821,"Elder, Bryce",663978,"Paddack, Chris"
825021,2026-04-15,Athletics,Texas Rangers,669372,"Ginn, J.T.",677958,"Rocker, Kumar"
823313,2026-04-16,San Diego Padres,Seattle Mariners,621111,"Buehler, Walker",622491,"Castillo, Luis"
823396,2026-04-16,Pittsburgh Pirates,Washington Nationals,677952,"Ashcraft, Braxton",656492,"Griffin, Foster"
823560,2026-04-16,New York Yankees,Los Angeles Angels,608331,"Fried, Max",608718,"Suter, Brent"
823801,2026-04-16,Milwaukee Brewers,Toronto Blue Jays,687075,"Sproat, Brandon",571578,"Corbin, Patrick"
824208,2026-04-16,Houston Astros,Colorado Rockies,680802,"Weiss, Ryan",675848,"Mejia, Juan"
824289,2026-04-16,Detroit Tigers,Kansas City Royals,672456,"Montero, Keider",663460,"Bubic, Kris"
824453,2026-04-16,Cleveland Guardians,Baltimore Orioles,800048,"Messick, Parker",669358,"Baz, Shane"
824530,2026-04-16,Cincinnati Reds,San Francisco Giants,695505,"Burns, Chase",694738,"Roupp, Landen"
824614,2026-04-16,Chicago White Sox,Tampa Bay Rays,673929,"Leasure, Jordan",571927,"Matz, Steven"
825023,2026-04-16,Athletics,Texas Rangers,682052,"Lopez, Jacob",683004,"Leiter, Jack"
822752,2026-04-17,Washington Nationals,San Francisco Giants,641793,"Littell, Zack",657277,"Webb, Logan"
823152,2026-04-17,Seattle Mariners,Texas Rangers,669302,"Gilbert, Logan",594798,"deGrom, Jacob"
823397,2026-04-17,Pittsburgh Pirates,Tampa Bay Rays,696149,"Chandler, Bubba",607259,"Martinez, Nick"
823476,2026-04-17,Philadelphia Phillies,Atlanta Braves,592836,"Walker, Taijuan",527048,"Pérez, Martín"
823559,2026-04-17,New York Yankees,Kansas City Royals,693645,"Schlittler, Cam",608379,"Wacha, Michael"
823720,2026-04-17,Minnesota Twins,Cincinnati Reds,657746,"Ryan, Joe",682227,"Williamson, Brandon"
823883,2026-04-17,Miami Marlins,Milwaukee Brewers,676083,"Junk, Janson",689441,"Crow, Coleman"
824048,2026-04-17,Los Angeles Angels,San Diego Padres,667755,"Soriano, José",663362,"Waldron, Matt"
824207,2026-04-17,Houston Astros,St. Louis Cardinals,663567,"Lambert, Peter",681517,"Leahy, Kyle"
824373,2026-04-17,Colorado Rockies,Los Angeles Dodgers,608372,"Sugano, Tomoyuki",607192,"Glasnow, Tyler"
824454,2026-04-17,Cleveland Guardians,Baltimore Orioles,676440,"Bibee, Tanner",605135,"Bassitt, Chris"
824693,2026-04-17,Chicago Cubs,New York Mets,665795,"Cabrera, Edward",673540,"Senga, Kodai"
824778,2026-04-17,Boston Red Sox,Detroit Tigers,624133,"Suarez, Ranger",663554,"Mize, Casey"
825019,2026-04-17,Athletics,Chicago White Sox,650644,"Civale, Aaron",663436,"Martin, Davis"
825101,2026-04-17,Arizona Diamondbacks,Toronto Blue Jays,647336,"Soroka, Michael",680755,"Fisher, Braydon"
822751,2026-04-18,Washington Nationals,San Francisco Giants,676917,"Cavalli, Cade",605288,"Houser, Adrian"
823151,2026-04-18,Seattle Mariners,Texas Rangers,669923,"Kirby, George",543135,"Eovaldi, Nathan"
823394,2026-04-18,Pittsburgh Pirates,Tampa Bay Rays,694973,"Skenes, Paul",656876,"Rasmussen, Drew"
823474,2026-04-18,Philadelphia Phillies,Atlanta Braves,650911,"Sánchez, Cristopher",519242,"Sale, Chris"
823558,2026-04-18,New York Yankees,Kansas City Royals,701542,"Warren, Will",702070,"Cameron, Noah"
823721,2026-04-18,Minnesota Twins,Cincinnati Reds,671737,"Bradley, Taj",671096,"Abbott, Andrew"
823882,2026-04-18,Miami Marlins,Milwaukee Brewers,645261,"Alcantara, Sandy",605540,"Woodruff, Brandon"
824049,2026-04-18,Los Angeles Angels,San Diego Padres,579328,"Kikuchi, Yusei",608566,"Márquez, Germán"
824206,2026-04-18,Houston Astros,St. Louis Cardinals,621121,"McCullers Jr., Lance",669467,"Pallante, Andre"
824372,2026-04-18,Colorado Rockies,Los Angeles Dodgers,663372,"Feltner, Ryan",686218,"Sheehan, Emmet"
824451,2026-04-18,Cleveland Guardians,Baltimore Orioles,668909,"Williams, Gavin",665152,"Kremer, Dean"
824694,2026-04-18,Chicago Cubs,New York Mets,592791,"Taillon, Jameson",642547,"Peralta, Freddy"
824775,2026-04-18,Boston Red Sox,Detroit Tigers,678394,"Bello, Brayan",669373,"Skubal, Tarik"
825020,2026-04-18,Athletics,Chicago White Sox,622663,"Severino, Luis",607200,"Fedde, Erick"
825098,2026-04-18,Arizona Diamondbacks,Toronto Blue Jays,668678,"Gallen, Zac",453286,"Scherzer, Max"
822750,2026-04-19,Washington Nationals,San Francisco Giants,676571,"Poulin, PJ",592662,"Ray, Robbie"
823150,2026-04-19,Seattle Mariners,Texas Rangers,693433,"Woo, Bryan",669022,"Gore, MacKenzie"
823393,2026-04-19,Pittsburgh Pirates,Tampa Bay Rays,656605,"Keller, Mitch",663556,"McClanahan, Shane"
823475,2026-04-19,Philadelphia Phillies,Atlanta Braves,691725,"Painter, Andrew",656550,"Holmes, Grant"
823556,2026-04-19,New York Yankees,Kansas City Royals,677960,"Weathers, Ryan",666142,"Ragans, Cole"
823718,2026-04-19,Minnesota Twins,Cincinnati Reds,641927,"Ober, Bailey",663903,"Singer, Brady"
823881,2026-04-19,Miami Marlins,Milwaukee Brewers,691587,"Pérez, Eury",694819,"Misiorowski, Jacob"
824047,2026-04-19,Los Angeles Angels,San Diego Padres,700712,"Ureña, Walbert",650633,"King, Michael"
824205,2026-04-19,Houston Astros,St. Louis Cardinals,681347,"Burrows, Mike",669461,"Liberatore, Matthew"
824371,2026-04-19,Colorado Rockies,Los Angeles Dodgers,547179,"Lorenzen, Michael",808963,"Sasaki, Roki"
824452,2026-04-19,Cleveland Guardians,Baltimore Orioles,676282,"Cantillo, Joey",669432,"Rogers, Trevor"
824691,2026-04-19,Chicago Cubs,New York Mets,665871,"Assad, Javier",668964,"Myers, Tobias"
824777,2026-04-19,Boston Red Sox,Detroit Tigers,676979,"Crochet, Garrett",664285,"Valdez, Framber"
825018,2026-04-19,Athletics,Chicago White Sox,605488,"Springs, Jeffrey",702273,"Schultz, Noah"
825100,2026-04-19,Arizona Diamondbacks,Toronto Blue Jays,669194,"Nelson, Ryne",592332,"Gausman, Kevin"
822749,2026-04-20,Washington Nationals,Atlanta Braves,663623,"Irvin, Jake",693821,"Elder, Bryce"
822994,2026-04-20,Tampa Bay Rays,Cincinnati Reds,669947,"Scholtens, Jesse",695076,"Lowder, Rhett"
823149,2026-04-20,Seattle Mariners,Athletics,676106,"Hancock, Emerson",669372,"Ginn, J.T."
823879,2026-04-20,Miami Marlins,St. Louis Cardinals,676974,"Meyer, Max",700241,"McGreevy, Michael"
824046,2026-04-20,Los Angeles Angels,Toronto Blue Jays,672282,"Detmers, Reid",656302,"Cease, Dylan"
824125,2026-04-20,Kansas City Royals,Baltimore Orioles,607625,"Lugo, Seth",680694,"Bradish, Kyle"
824370,2026-04-20,Colorado Rockies,Los Angeles Dodgers,500779,"Quintana, Jose",680736,"Wrobleski, Justin"
824450,2026-04-20,Cleveland Guardians,Houston Astros,677944,"Cecconi, Slade",681293,"Arrighetti, Spencer"
824692,2026-04-20,Chicago Cubs,Philadelphia Phillies,607067,"Rea, Colin",605400,"Nola, Aaron"
824776,2026-04-20,Boston Red Sox,Detroit Tigers,543243,"Gray, Sonny",656427,"Flaherty, Jack"
822747,2026-04-21,Washington Nationals,Atlanta Braves,656492,"Griffin, Foster",625643,"López, Reynaldo"
822914,2026-04-21,Texas Rangers,Pittsburgh Pirates,677958,"Rocker, Kumar",669387,"Mlodzinski, Carmen"
822995,2026-04-21,Tampa Bay Rays,Cincinnati Reds,571927,"Matz, Steven",695505,"Burns, Chase"
823148,2026-04-21,Seattle Mariners,Athletics,622491,"Castillo, Luis",682052,"Lopez, Jacob"
823236,2026-04-21,San Francisco Giants,Los Angeles Dodgers,694738,"Roupp, Landen",808967,"Yamamoto, Yoshinobu"
823640,2026-04-21,New York Mets,Minnesota Twins,690997,"McLean, Nolan",680573,"Woods Richardson, Simeon"
823880,2026-04-21,Miami Marlins,St. Louis Cardinals,663978,"Paddack, Chris",669160,"May, Dustin"
824045,2026-04-21,Los Angeles Angels,Toronto Blue Jays,686799,"Kochanowicz, Jack",571578,"Corbin, Patrick"
824127,2026-04-21,Kansas City Royals,Baltimore Orioles,663460,"Bubic, Kris",669358,"Baz, Shane"
824290,2026-04-21,Detroit Tigers,Milwaukee Brewers,672456,"Montero, Keider",690986,"Harrison, Kyle"
824369,2026-04-21,Colorado Rockies,San Diego Padres,623474,"Herget, Jimmy",681190,"Vásquez, Randy"
824448,2026-04-21,Cleveland Guardians,Houston Astros,800048,"Messick, Parker",680802,"Weiss, Ryan"
824690,2026-04-21,Chicago Cubs,Philadelphia Phillies,684007,"Imanaga, Shota",666200,"Luzardo, Jesús"
824773,2026-04-21,Boston Red Sox,New York Yankees,813349,"Early, Connelly",661563,"Gil, Luis"
825099,2026-04-21,Arizona Diamondbacks,Chicago White Sox,518876,"Kelly, Merrill",680732,"Burke, Sean"
822748,2026-04-22,Washington Nationals,Atlanta Braves,641793,"Littell, Zack",800311,"Fuentes, Didier"
822913,2026-04-22,Texas Rangers,Pittsburgh Pirates,683004,"Leiter, Jack",677952,"Ashcraft, Braxton"
822993,2026-04-22,Tampa Bay Rays,Cincinnati Reds,607259,"Martinez, Nick",682227,"Williamson, Brandon"
823147,2026-04-22,Seattle Mariners,Athletics,669302,"Gilbert, Logan",650644,"Civale, Aaron"
823231,2026-04-22,San Francisco Giants,Los Angeles Dodgers,641816,"Mahle, Tyler",660271,"Ohtani, Shohei"
823641,2026-04-22,New York Mets,Minnesota Twins,605280,"Holmes, Clay",687570,"Prielipp, Connor"
823878,2026-04-22,Miami Marlins,St. Louis Cardinals,676083,"Junk, Janson",681517,"Leahy, Kyle"
824044,2026-04-22,Los Angeles Angels,Toronto Blue Jays,667755,"Soriano, José",641778,"Lauer, Eric"
824123,2026-04-22,Kansas City Royals,Baltimore Orioles,608379,"Wacha, Michael",605135,"Bassitt, Chris"
824286,2026-04-22,Detroit Tigers,Milwaukee Brewers,663554,"Mize, Casey",669084,"Hall, DL"
824367,2026-04-22,Colorado Rockies,San Diego Padres,608372,"Sugano, Tomoyuki",621111,"Buehler, Walker"
824449,2026-04-22,Cleveland Guardians,Houston Astros,676440,"Bibee, Tanner",663567,"Lambert, Peter"
824688,2026-04-22,Chicago Cubs,Philadelphia Phillies,571510,"Boyd, Matthew",679775,"Backhus, Kyle"
824774,2026-04-22,Boston Red Sox,New York Yankees,624133,"Suarez, Ranger",608331,"Fried, Max"
825097,2026-04-22,Arizona Diamondbacks,Chicago White Sox,593958,"Rodriguez, Eduardo",641743,"Kay, Anthony"
822745,2026-04-23,Washington Nationals,Atlanta Braves,676917,"Cavalli, Cade",702275,"Ritchie, JR"
822912,2026-04-23,Texas Rangers,Pittsburgh Pirates,594798,"deGrom, Jacob",696149,"Chandler, Bubba"
823233,2026-04-23,San Francisco Giants,Los Angeles Dodgers,657277,"Webb, Logan",607192,"Glasnow, Tyler"
823639,2026-04-23,New York Mets,Minnesota Twins,681035,"Scott, Christian",657746,"Ryan, Joe"
824288,2026-04-23,Detroit Tigers,Milwaukee Brewers,669373,"Skubal, Tarik",687075,"Sproat, Brandon"
824368,2026-04-23,Colorado Rockies,San Diego Padres,663372,"Feltner, Ryan",663362,"Waldron, Matt"
824689,2026-04-23,Chicago Cubs,Philadelphia Phillies,665795,"Cabrera, Edward",650911,"Sánchez, Cristopher"
824770,2026-04-23,Boston Red Sox,New York Yankees,801139,"Tolle, Payton",693645,"Schlittler, Cam"
825096,2026-04-23,Arizona Diamondbacks,Chicago White Sox,647336,"Soroka, Michael",663436,"Martin, Davis"
822827,2026-04-24,Toronto Blue Jays,Cleveland Guardians,453286,"Scherzer, Max",668909,"Williams, Gavin"
822909,2026-04-24,Texas Rangers,Athletics,543135,"Eovaldi, Nathan",622663,"Severino, Luis"
822992,2026-04-24,Tampa Bay Rays,Minnesota Twins,656876,"Rasmussen, Drew",671737,"Bradley, Taj"
823069,2026-04-24,St. Louis Cardinals,Seattle Mariners,669467,"Pallante, Andre",669923,"Kirby, George"
823232,2026-04-24,San Francisco Giants,Miami Marlins,605288,"Houser, Adrian",645261,"Alcantara, Sandy"
823638,2026-04-24,New York Mets,Colorado Rockies,642547,"Peralta, Freddy",547179,"Lorenzen, Michael"
823800,2026-04-24,Milwaukee Brewers,Pittsburgh Pirates,605540,"Woodruff, Brandon",694973,"Skenes, Paul"
823962,2026-04-24,Los Angeles Dodgers,Chicago Cubs,686218,"Sheehan, Emmet",592791,"Taillon, Jameson"
824124,2026-04-24,Kansas City Royals,Los Angeles Angels,702070,"Cameron, Noah",579328,"Kikuchi, Yusei"
824204,2026-04-24,Houston Astros,New York Yankees,621121,"McCullers Jr., Lance",701542,"Warren, Will"
824529,2026-04-24,Cincinnati Reds,Detroit Tigers,671096,"Abbott, Andrew",664285,"Valdez, Framber"
824611,2026-04-24,Chicago White Sox,Washington Nationals,663542,"Hudson, Bryan",676571,"Poulin, PJ"
824854,2026-04-24,Baltimore Orioles,Boston Red Sox,687064,"Young, Brandon",678394,"Bello, Brayan"
824932,2026-04-24,Atlanta Braves,Philadelphia Phillies,656550,"Holmes, Grant",691725,"Painter, Andrew"
822826,2026-04-25,Toronto Blue Jays,Cleveland Guardians,592332,"Gausman, Kevin",676282,"Cantillo, Joey"
822910,2026-04-25,Texas Rangers,Athletics,669022,"Gore, MacKenzie",605488,"Springs, Jeffrey"
822989,2026-04-25,Tampa Bay Rays,Minnesota Twins,663556,"McClanahan, Shane",641927,"Ober, Bailey"
823070,2026-04-25,St. Louis Cardinals,Seattle Mariners,669461,"Liberatore, Matthew",693433,"Woo, Bryan"
823229,2026-04-25,San Francisco Giants,Miami Marlins,592662,"Ray, Robbie",691587,"Pérez, Eury"
823799,2026-04-25,Milwaukee Brewers,Pittsburgh Pirates,694819,"Misiorowski, Jacob",656605,"Keller, Mitch"
823960,2026-04-25,Los Angeles Dodgers,Chicago Cubs,808963,"Sasaki, Roki",607067,"Rea, Colin"
824121,2026-04-25,Kansas City Royals,Los Angeles Angels,666142,"Ragans, Cole",700712,"Ureña, Walbert"
824203,2026-04-25,Houston Astros,New York Yankees,681347,"Burrows, Mike",677960,"Weathers, Ryan"
824527,2026-04-25,Cincinnati Reds,Detroit Tigers,663903,"Singer, Brady",656427,"Flaherty, Jack"
824613,2026-04-25,Chicago White Sox,Washington Nationals,702273,"Schultz, Noah",663623,"Irvin, Jake"
824851,2026-04-25,Baltimore Orioles,Boston Red Sox,669432,"Rogers, Trevor",676979,"Crochet, Garrett"
824933,2026-04-25,Atlanta Braves,Philadelphia Phillies,693821,"Elder, Bryce",554430,"Wheeler, Zack"
825093,2026-04-25,Arizona Diamondbacks,San Diego Padres,668678,"Gallen, Zac",608566,"Márquez, Germán"
822824,2026-04-26,Toronto Blue Jays,Cleveland Guardians,571578,"Corbin, Patrick",677944,"Cecconi, Slade"
822911,2026-04-26,Texas Rangers,Athletics,677958,"Rocker, Kumar",669372,"Ginn, J.T."
822991,2026-04-26,Tampa Bay Rays,Minnesota Twins,643377,"Jax, Griffin",680573,"Woods Richardson, Simeon"
823068,2026-04-26,St. Louis Cardinals,Seattle Mariners,700241,"McGreevy, Michael",676106,"Hancock, Emerson"
823230,2026-04-26,San Francisco Giants,Miami Marlins,694738,"Roupp, Landen",676974,"Meyer, Max"
823635,2026-04-26,New York Mets,Colorado Rockies,690997,"McLean, Nolan",500779,"Quintana, Jose"
823637,2026-04-26,New York Mets,Colorado Rockies,673540,"Senga, Kodai",801403,"Dollander, Chase"
823797,2026-04-26,Milwaukee Brewers,Pittsburgh Pirates,690986,"Harrison, Kyle",669387,"Mlodzinski, Carmen"
823959,2026-04-26,Los Angeles Dodgers,Chicago Cubs,680736,"Wrobleski, Justin",684007,"Imanaga, Shota"
824122,2026-04-26,Kansas City Royals,Los Angeles Angels,607625,"Lugo, Seth",672282,"Detmers, Reid"
824202,2026-04-26,Houston Astros,New York Yankees,681293,"Arrighetti, Spencer",661563,"Gil, Luis"
824528,2026-04-26,Cincinnati Reds,Detroit Tigers,695076,"Lowder, Rhett",672456,"Montero, Keider"
824612,2026-04-26,Chicago White Sox,Washington Nationals,663542,"Hudson, Bryan",656492,"Griffin, Foster"
824852,2026-04-26,Baltimore Orioles,Boston Red Sox,680694,"Bradish, Kyle",813349,"Early, Connelly"
824934,2026-04-26,Atlanta Braves,Philadelphia Phillies,519242,"Sale, Chris",605400,"Nola, Aaron"
825094,2026-04-26,Arizona Diamondbacks,San Diego Padres,669194,"Nelson, Ryne",650633,"King, Michael"
822825,2026-04-27,Toronto Blue Jays,Boston Red Sox,656302,"Cease, Dylan",624133,"Suarez, Ranger"
822906,2026-04-27,Texas Rangers,New York Yankees,683004,"Leiter, Jack",608331,"Fried, Max"
823311,2026-04-27,San Diego Padres,Chicago Cubs,681190,"Vásquez, Randy",571510,"Boyd, Matthew"
823395,2026-04-27,Pittsburgh Pirates,St. Louis Cardinals,682254,"Montgomery, Mason",669160,"May, Dustin"
823719,2026-04-27,Minnesota Twins,Seattle Mariners,687570,"Prielipp, Connor",622491,"Castillo, Luis"
823961,2026-04-27,Los Angeles Dodgers,Miami Marlins,808967,"Yamamoto, Yoshinobu",663978,"Paddack, Chris"
824446,2026-04-27,Cleveland Guardians,Tampa Bay Rays,800048,"Messick, Parker",571927,"Matz, Steven"
824609,2026-04-27,Chicago White Sox,Los Angeles Angels,641743,"Kay, Anthony",686799,"Kochanowicz, Jack"
822823,2026-04-28,Toronto Blue Jays,Boston Red Sox,702056,"Yesavage, Trey",801139,"Tolle, Payton"
822908,2026-04-28,Texas Rangers,New York Yankees,594798,"deGrom, Jacob",693645,"Schlittler, Cam"
823310,2026-04-28,San Diego Padres,Chicago Cubs,621111,"Buehler, Walker",665795,"Cabrera, Edward"
823390,2026-04-28,Pittsburgh Pirates,St. Louis Cardinals,677952,"Ashcraft, Braxton",681517,"Leahy, Kyle"
823473,2026-04-28,Philadelphia Phillies,San Francisco Giants,666200,"Luzardo, Jesús",641816,"Mahle, Tyler"
823636,2026-04-28,New York Mets,Washington Nationals,605280,"Holmes, Clay",641793,"Littell, Zack"
823716,2026-04-28,Minnesota Twins,Seattle Mariners,657746,"Ryan, Joe",669302,"Gilbert, Logan"
823798,2026-04-28,Milwaukee Brewers,Arizona Diamondbacks,694477,"Patrick, Chad",518876,"Kelly, Merrill"
823956,2026-04-28,Los Angeles Dodgers,Miami Marlins,660271,"Ohtani, Shohei",676083,"Junk, Janson"
824447,2026-04-28,Cleveland Guardians,Tampa Bay Rays,676440,"Bibee, Tanner",607259,"Martinez, Nick"
824526,2026-04-28,Cincinnati Reds,Colorado Rockies,695505,"Burns, Chase",607536,"Freeland, Kyle"
824610,2026-04-28,Chicago White Sox,Los Angeles Angels,663436,"Martin, Davis",667755,"Soriano, José"
824849,2026-04-28,Baltimore Orioles,Houston Astros,669358,"Baz, Shane",678906,"Teng, Kai-Wei"
824931,2026-04-28,Atlanta Braves,Detroit Tigers,527048,"Pérez, Martín",663554,"Mize, Casey"
825017,2026-04-28,Athletics,Kansas City Royals,650644,"Civale, Aaron",663460,"Bubic, Kris"
822821,2026-04-29,Toronto Blue Jays,Boston Red Sox,641778,"Lauer, Eric",678394,"Bello, Brayan"
822907,2026-04-29,Texas Rangers,New York Yankees,543135,"Eovaldi, Nathan",695684,"Rodríguez, Elmer"
823312,2026-04-29,San Diego Padres,Chicago Cubs,663362,"Waldron, Matt",592791,"Taillon, Jameson"
823392,2026-04-29,Pittsburgh Pirates,St. Louis Cardinals,696149,"Chandler, Bubba",669467,"Pallante, Andre"
823633,2026-04-29,New York Mets,Washington Nationals,656849,"Peterson, David",676917,"Cavalli, Cade"
823717,2026-04-29,Minnesota Twins,Seattle Mariners,671737,"Bradley, Taj",669923,"Kirby, George"
823796,2026-04-29,Milwaukee Brewers,Arizona Diamondbacks,687075,"Sproat, Brandon",593958,"Rodriguez, Eduardo"
823958,2026-04-29,Los Angeles Dodgers,Miami Marlins,607192,"Glasnow, Tyler",645261,"Alcantara, Sandy"
824445,2026-04-29,Cleveland Guardians,Tampa Bay Rays,668909,"Williams, Gavin",656876,"Rasmussen, Drew"
824525,2026-04-29,Cincinnati Reds,Colorado Rockies,682227,"Williamson, Brandon",608372,"Sugano, Tomoyuki"
824608,2026-04-29,Chicago White Sox,Los Angeles Angels,607200,"Fedde, Erick",579328,"Kikuchi, Yusei"
824930,2026-04-29,Atlanta Braves,Detroit Tigers,702275,"Ritchie, JR",669373,"Skubal, Tarik"
825015,2026-04-29,Athletics,Kansas City Royals,622663,"Severino, Luis",608379,"Wacha, Michael"
823391,2026-04-30,Pittsburgh Pirates,St. Louis Cardinals,694973,"Skenes, Paul",690928,"Dobbins, Hunter"
823471,2026-04-30,Philadelphia Phillies,San Francisco Giants,641835,"Mayza, Tim",605288,"Houser, Adrian"
823472,2026-04-30,Philadelphia Phillies,San Francisco Giants,650911,"Sánchez, Cristopher",657277,"Webb, Logan"
823634,2026-04-30,New York Mets,Washington Nationals,642547,"Peralta, Freddy",571945,"Mikolas, Miles"
823714,2026-04-30,Minnesota Twins,Toronto Blue Jays,641927,"Ober, Bailey",592332,"Gausman, Kevin"
823795,2026-04-30,Milwaukee Brewers,Arizona Diamondbacks,605540,"Woodruff, Brandon",647336,"Soroka, Michael"
824524,2026-04-30,Cincinnati Reds,Colorado Rockies,671096,"Abbott, Andrew",547179,"Lorenzen, Michael"
824848,2026-04-30,Baltimore Orioles,Houston Astros,605135,"Bassitt, Chris",663567,"Lambert, Peter"
824850,2026-04-30,Baltimore Orioles,Houston Astros,687064,"Young, Brandon",621121,"McCullers Jr., Lance"
824929,2026-04-30,Atlanta Braves,Detroit Tigers,693821,"Elder, Bryce",664285,"Valdez, Framber"
825016,2026-04-30,Athletics,Kansas City Royals,605488,"Springs, Jeffrey",702070,"Cameron, Noah"
822744,2026-05-01,Washington Nationals,Milwaukee Brewers,663623,"Irvin, Jake",694819,"Misiorowski, Jacob"
822990,2026-05-01,Tampa Bay Rays,San Francisco Giants,663556,"McClanahan, Shane",592662,"Ray, Robbie"
823066,2026-05-01,St. Louis Cardinals,Los Angeles Dodgers,669461,"Liberatore, Matthew",686218,"Sheehan, Emmet"
823146,2026-05-01,Seattle Mariners,Kansas City Royals,693433,"Woo, Bryan",666142,"Ragans, Cole"
823309,2026-05-01,San Diego Padres,Chicago White Sox,608566,"Márquez, Germán",702273,"Schultz, Noah"
823389,2026-05-01,Pittsburgh Pirates,Cincinnati Reds,656605,"Keller, Mitch",663903,"Singer, Brady"
823557,2026-05-01,New York Yankees,Baltimore Orioles,701542,"Warren, Will",700249,"Povich, Cade"
823713,2026-05-01,Minnesota Twins,Toronto Blue Jays,680573,"Woods Richardson, Simeon",571578,"Corbin, Patrick"
823877,2026-05-01,Miami Marlins,Philadelphia Phillies,691587,"Pérez, Eury",554430,"Wheeler, Zack"
824041,2026-05-01,Los Angeles Angels,New York Mets,700712,"Ureña, Walbert",681035,"Scott, Christian"
824287,2026-05-01,Detroit Tigers,Texas Rangers,656427,"Flaherty, Jack",669022,"Gore, MacKenzie"
824366,2026-05-01,Colorado Rockies,Atlanta Braves,500779,"Quintana, Jose",656550,"Holmes, Grant"
824686,2026-05-01,Chicago Cubs,Arizona Diamondbacks,607067,"Rea, Colin",668678,"Gallen, Zac"
824772,2026-05-01,Boston Red Sox,Houston Astros,687562,"Bennett, Jake",681347,"Burrows, Mike"
825012,2026-05-01,Athletics,Cleveland Guardians,669372,"Ginn, J.T.",676282,"Cantillo, Joey"
822746,2026-05-02,Washington Nationals,Milwaukee Brewers,656492,"Griffin, Foster",690986,"Harrison, Kyle"
822988,2026-05-02,Tampa Bay Rays,San Francisco Giants,643377,"Jax, Griffin",694738,"Roupp, Landen"
823067,2026-05-02,St. Louis Cardinals,Los Angeles Dodgers,700241,"McGreevy, Michael",808963,"Sasaki, Roki"
823144,2026-05-02,Seattle Mariners,Kansas City Royals,676106,"Hancock, Emerson",607625,"Lugo, Seth"
823308,2026-05-02,San Diego Padres,Chicago White Sox,650633,"King, Michael",680732,"Burke, Sean"
823388,2026-05-02,Pittsburgh Pirates,Cincinnati Reds,669387,"Mlodzinski, Carmen",695076,"Lowder, Rhett"
823554,2026-05-02,New York Yankees,Baltimore Orioles,677960,"Weathers, Ryan",680694,"Bradish, Kyle"
823715,2026-05-02,Minnesota Twins,Toronto Blue Jays,687570,"Prielipp, Connor",656302,"Cease, Dylan"
823876,2026-05-02,Miami Marlins,Philadelphia Phillies,676974,"Meyer, Max",691725,"Painter, Andrew"
824042,2026-05-02,Los Angeles Angels,New York Mets,672282,"Detmers, Reid",690997,"McLean, Nolan"
824284,2026-05-02,Detroit Tigers,Texas Rangers,672456,"Montero, Keider",677958,"Rocker, Kumar"
824365,2026-05-02,Colorado Rockies,Atlanta Braves,657514,"Bernardino, Brennan",519242,"Sale, Chris"
824685,2026-05-02,Chicago Cubs,Arizona Diamondbacks,684007,"Imanaga, Shota",669194,"Nelson, Ryne"
824771,2026-05-02,Boston Red Sox,Houston Astros,813349,"Early, Connelly",681293,"Arrighetti, Spencer"
825014,2026-05-02,Athletics,Cleveland Guardians,682052,"Lopez, Jacob",677944,"Cecconi, Slade"
822742,2026-05-03,Washington Nationals,Milwaukee Brewers,676571,"Poulin, PJ",701656,"Henderson, Logan"
822987,2026-05-03,Tampa Bay Rays,San Francisco Giants,571927,"Matz, Steven",641816,"Mahle, Tyler"
823065,2026-05-03,St. Louis Cardinals,Los Angeles Dodgers,669160,"May, Dustin",680736,"Wrobleski, Justin"
823145,2026-05-03,Seattle Mariners,Kansas City Royals,622491,"Castillo, Luis",663460,"Bubic, Kris"
823307,2026-05-03,San Diego Padres,Chicago White Sox,656288,"Canning, Griffin",641743,"Kay, Anthony"
823387,2026-05-03,Pittsburgh Pirates,Cincinnati Reds,677952,"Ashcraft, Braxton",695505,"Burns, Chase"
823555,2026-05-03,New York Yankees,Baltimore Orioles,608331,"Fried, Max",694346,"Gibson, Trey"
823711,2026-05-03,Minnesota Twins,Toronto Blue Jays,657746,"Ryan, Joe",702056,"Yesavage, Trey"
823875,2026-05-03,Miami Marlins,Philadelphia Phillies,663978,"Paddack, Chris",666200,"Luzardo, Jesús"
824043,2026-05-03,Los Angeles Angels,New York Mets,686799,"Kochanowicz, Jack",605280,"Holmes, Clay"
824285,2026-05-03,Detroit Tigers,Texas Rangers,663947,"Holton, Tyler",683004,"Leiter, Jack"
824364,2026-05-03,Colorado Rockies,Atlanta Braves,607536,"Freeland, Kyle",675911,"Strider, Spencer"
824687,2026-05-03,Chicago Cubs,Arizona Diamondbacks,571510,"Boyd, Matthew",518876,"Kelly, Merrill"
824769,2026-05-03,Boston Red Sox,Houston Astros,624133,"Suarez, Ranger",675989,"Bolton, Cody"
825013,2026-05-03,Athletics,Cleveland Guardians,650644,"Civale, Aaron",800048,"Messick, Parker"
822984,2026-05-04,Tampa Bay Rays,Toronto Blue Jays,607259,"Martinez, Nick",641778,"Lauer, Eric"
823064,2026-05-04,St. Louis Cardinals,Milwaukee Brewers,681517,"Leahy, Kyle",694477,"Patrick, Chad"
823143,2026-05-04,Seattle Mariners,Atlanta Braves,669302,"Gilbert, Logan",702275,"Ritchie, JR"
823228,2026-05-04,San Francisco Giants,San Diego Padres,686790,"McDonald, Trevor",681190,"Vásquez, Randy"
823552,2026-05-04,New York Yankees,Baltimore Orioles,693645,"Schlittler, Cam",669358,"Baz, Shane"
823874,2026-05-04,Miami Marlins,Philadelphia Phillies,676083,"Junk, Janson",605400,"Nola, Aaron"
824039,2026-05-04,Los Angeles Angels,Chicago White Sox,667755,"Soriano, José",663436,"Martin, Davis"
824120,2026-05-04,Kansas City Royals,Cleveland Guardians,608379,"Wacha, Michael",676440,"Bibee, Tanner"
824201,2026-05-04,Houston Astros,Los Angeles Dodgers,595345,"Okert, Steven",808967,"Yamamoto, Yoshinobu"
824283,2026-05-04,Detroit Tigers,Boston Red Sox,663947,"Holton, Tyler",801139,"Tolle, Payton"
824363,2026-05-04,Colorado Rockies,New York Mets,608372,"Sugano, Tomoyuki",623211,"Brazobán, Huascar"
824684,2026-05-04,Chicago Cubs,Cincinnati Reds,665795,"Cabrera, Edward",695534,"Petty, Chase"
822743,2026-05-05,Washington Nationals,Minnesota Twins,676917,"Cavalli, Cade",671737,"Bradley, Taj"
822986,2026-05-05,Tampa Bay Rays,Toronto Blue Jays,656876,"Rasmussen, Drew",592332,"Gausman, Kevin"
823142,2026-05-05,Seattle Mariners,Atlanta Braves,669923,"Kirby, George",693821,"Elder, Bryce"
823227,2026-05-05,San Francisco Giants,San Diego Padres,657277,"Webb, Logan",621111,"Buehler, Walker"
823469,2026-05-05,Philadelphia Phillies,Athletics,650911,"Sánchez, Cristopher",622663,"Severino, Luis"
823553,2026-05-05,New York Yankees,Texas Rangers,695684,"Rodríguez, Elmer",594798,"deGrom, Jacob"
823873,2026-05-05,Miami Marlins,Baltimore Orioles,645261,"Alcantara, Sandy",605135,"Bassitt, Chris"
824040,2026-05-05,Los Angeles Angels,Chicago White Sox,691951,"Aldegheri, Sam",607200,"Fedde, Erick"
824119,2026-05-05,Kansas City Royals,Cleveland Guardians,663568,"Kolek, Stephen",668909,"Williams, Gavin"
824200,2026-05-05,Houston Astros,Los Angeles Dodgers,663567,"Lambert, Peter",660271,"Ohtani, Shohei"
824281,2026-05-05,Detroit Tigers,Boston Red Sox,664285,"Valdez, Framber",663558,"Morán, Jovani"
824682,2026-05-05,Chicago Cubs,Cincinnati Reds,592791,"Taillon, Jameson",671096,"Abbott, Andrew"
825092,2026-05-05,Arizona Diamondbacks,Pittsburgh Pirates,593958,"Rodriguez, Eduardo",696149,"Chandler, Bubba"
822740,2026-05-06,Washington Nationals,Minnesota Twins,571945,"Mikolas, Miles",641927,"Ober, Bailey"
822985,2026-05-06,Tampa Bay Rays,Toronto Blue Jays,663556,"McClanahan, Shane",571578,"Corbin, Patrick"
823063,2026-05-06,St. Louis Cardinals,Milwaukee Brewers,669467,"Pallante, Andre",687075,"Sproat, Brandon"
823141,2026-05-06,Seattle Mariners,Atlanta Braves,693433,"Woo, Bryan",527048,"Pérez, Martín"
823226,2026-05-06,San Francisco Giants,San Diego Padres,605288,"Houser, Adrian",699134,"Rodriguez, Bradgley"
823470,2026-05-06,Philadelphia Phillies,Athletics,554430,"Wheeler, Zack",605488,"Springs, Jeffrey"
823550,2026-05-06,New York Yankees,Texas Rangers,701542,"Warren, Will",543135,"Eovaldi, Nathan"
823872,2026-05-06,Miami Marlins,Baltimore Orioles,691587,"Pérez, Eury",687064,"Young, Brandon"
824036,2026-05-06,Los Angeles Angels,Chicago White Sox,700712,"Ureña, Walbert",702273,"Schultz, Noah"
824118,2026-05-06,Kansas City Royals,Cleveland Guardians,666142,"Ragans, Cole",676282,"Cantillo, Joey"
824198,2026-05-06,Houston Astros,Los Angeles Dodgers,621121,"McCullers Jr., Lance",607192,"Glasnow, Tyler"
824282,2026-05-06,Detroit Tigers,Boston Red Sox,656427,"Flaherty, Jack",543243,"Gray, Sonny"
824361,2026-05-06,Colorado Rockies,New York Mets,547179,"Lorenzen, Michael",642547,"Peralta, Freddy"
824683,2026-05-06,Chicago Cubs,Cincinnati Reds,607067,"Rea, Colin",663903,"Singer, Brady"
825091,2026-05-06,Arizona Diamondbacks,Pittsburgh Pirates,647336,"Soroka, Michael",694973,"Skenes, Paul"
822741,2026-05-07,Washington Nationals,Minnesota Twins,663623,"Irvin, Jake",680573,"Woods Richardson, Simeon"
823306,2026-05-07,San Diego Padres,St. Louis Cardinals,650633,"King, Michael",669461,"Liberatore, Matthew"
823467,2026-05-07,Philadelphia Phillies,Athletics,691725,"Painter, Andrew",669372,"Ginn, J.T."
823551,2026-05-07,New York Yankees,Texas Rangers,621112,"Blackburn, Paul",669022,"Gore, MacKenzie"
823870,2026-05-07,Miami Marlins,Baltimore Orioles,676974,"Meyer, Max",700249,"Povich, Cade"
824117,2026-05-07,Kansas City Royals,Cleveland Guardians,607625,"Lugo, Seth",677944,"Cecconi, Slade"
824362,2026-05-07,Colorado Rockies,New York Mets,500779,"Quintana, Jose",681035,"Scott, Christian"
824681,2026-05-07,Chicago Cubs,Cincinnati Reds,684007,"Imanaga, Shota",695076,"Lowder, Rhett"
824767,2026-05-07,Boston Red Sox,Tampa Bay Rays,687562,"Bennett, Jake",643377,"Jax, Griffin"
825090,2026-05-07,Arizona Diamondbacks,Pittsburgh Pirates,668678,"Gallen, Zac",656605,"Keller, Mitch"
822822,2026-05-08,Toronto Blue Jays,Los Angeles Angels,656302,"Cease, Dylan",672282,"Detmers, Reid"
822904,2026-05-08,Texas Rangers,Chicago Cubs,677958,"Rocker, Kumar",676962,"Brown, Ben"
823225,2026-05-08,San Francisco Giants,Pittsburgh Pirates,592662,"Ray, Robbie",669387,"Mlodzinski, Carmen"
823303,2026-05-08,San Diego Padres,St. Louis Cardinals,656288,"Canning, Griffin",700241,"McGreevy, Michael"
823466,2026-05-08,Philadelphia Phillies,Colorado Rockies,666200,"Luzardo, Jesús",801403,"Dollander, Chase"
823794,2026-05-08,Milwaukee Brewers,New York Yankees,694819,"Misiorowski, Jacob",608331,"Fried, Max"
823871,2026-05-08,Miami Marlins,Washington Nationals,702281,"Snelling, Robby",656492,"Griffin, Foster"
823957,2026-05-08,Los Angeles Dodgers,Atlanta Braves,686218,"Sheehan, Emmet",519242,"Sale, Chris"
824116,2026-05-08,Kansas City Royals,Detroit Tigers,663460,"Bubic, Kris",672456,"Montero, Keider"
824443,2026-05-08,Cleveland Guardians,Minnesota Twins,800048,"Messick, Parker",687570,"Prielipp, Connor"
824522,2026-05-08,Cincinnati Reds,Houston Astros,666157,"Lodolo, Nick",681347,"Burrows, Mike"
824607,2026-05-08,Chicago White Sox,Seattle Mariners,680732,"Burke, Sean",676106,"Hancock, Emerson"
824768,2026-05-08,Boston Red Sox,Tampa Bay Rays,813349,"Early, Connelly",669947,"Scholtens, Jesse"
824846,2026-05-08,Baltimore Orioles,Athletics,680694,"Bradish, Kyle",682052,"Lopez, Jacob"
825088,2026-05-08,Arizona Diamondbacks,New York Mets,669194,"Nelson, Ryne",690997,"McLean, Nolan"
822820,2026-05-09,Toronto Blue Jays,Los Angeles Angels,702056,"Yesavage, Trey",686799,"Kochanowicz, Jack"
822905,2026-05-09,Texas Rangers,Chicago Cubs,683004,"Leiter, Jack",665795,"Cabrera, Edward"
823224,2026-05-09,San Francisco Giants,Pittsburgh Pirates,694738,"Roupp, Landen",677952,"Ashcraft, Braxton"
823304,2026-05-09,San Diego Padres,St. Louis Cardinals,681190,"Vásquez, Randy",669160,"May, Dustin"
823468,2026-05-09,Philadelphia Phillies,Colorado Rockies,605400,"Nola, Aaron",607536,"Freeland, Kyle"
823792,2026-05-09,Milwaukee Brewers,New York Yankees,690986,"Harrison, Kyle",693645,"Schlittler, Cam"
823869,2026-05-09,Miami Marlins,Washington Nationals,676083,"Junk, Janson",663992,"Lovelady, Richard"
823955,2026-05-09,Los Angeles Dodgers,Atlanta Braves,605483,"Snell, Blake",675911,"Strider, Spencer"
824115,2026-05-09,Kansas City Royals,Detroit Tigers,608379,"Wacha, Michael",572143,"Smith, Burch"
824444,2026-05-09,Cleveland Guardians,Minnesota Twins,676440,"Bibee, Tanner",657746,"Ryan, Joe"
824523,2026-05-09,Cincinnati Reds,Houston Astros,695505,"Burns, Chase",681293,"Arrighetti, Spencer"
824606,2026-05-09,Chicago White Sox,Seattle Mariners,641743,"Kay, Anthony",622491,"Castillo, Luis"
824847,2026-05-09,Baltimore Orioles,Athletics,669358,"Baz, Shane",650644,"Civale, Aaron"
825089,2026-05-09,Arizona Diamondbacks,New York Mets,518876,"Kelly, Merrill",605280,"Holmes, Clay"
822819,2026-05-10,Toronto Blue Jays,Los Angeles Angels,693686,"Miles, Spencer",667755,"Soriano, José"
822902,2026-05-10,Texas Rangers,Chicago Cubs,594798,"deGrom, Jacob",592791,"Taillon, Jameson"
823221,2026-05-10,San Francisco Giants,Pittsburgh Pirates,641816,"Mahle, Tyler",696149,"Chandler, Bubba"
823305,2026-05-10,San Diego Padres,St. Louis Cardinals,621111,"Buehler, Walker",681517,"Leahy, Kyle"
823463,2026-05-10,Philadelphia Phillies,Colorado Rockies,650911,"Sánchez, Cristopher",608372,"Sugano, Tomoyuki"
823793,2026-05-10,Milwaukee Brewers,New York Yankees,701656,"Henderson, Logan",607074,"Rodón, Carlos"
823868,2026-05-10,Miami Marlins,Washington Nationals,645261,"Alcantara, Sandy",676917,"Cavalli, Cade"
823954,2026-05-10,Los Angeles Dodgers,Atlanta Braves,680736,"Wrobleski, Justin",693821,"Elder, Bryce"
824113,2026-05-10,Kansas City Royals,Detroit Tigers,702070,"Cameron, Noah",669724,"Hanifee, Brenan"
824440,2026-05-10,Cleveland Guardians,Minnesota Twins,668909,"Williams, Gavin",702193,"Morris, Andrew"
824520,2026-05-10,Cincinnati Reds,Houston Astros,671096,"Abbott, Andrew",678906,"Teng, Kai-Wei"
824605,2026-05-10,Chicago White Sox,Seattle Mariners,663436,"Martin, Davis",669302,"Gilbert, Logan"
824765,2026-05-10,Boston Red Sox,Tampa Bay Rays,801139,"Tolle, Payton",607259,"Martinez, Nick"
824845,2026-05-10,Baltimore Orioles,Athletics,669211,"Akin, Keegan",622663,"Severino, Luis"
825085,2026-05-10,Arizona Diamondbacks,New York Mets,593958,"Rodriguez, Eduardo",623211,"Brazobán, Huascar"
822818,2026-05-11,Toronto Blue Jays,Tampa Bay Rays,592332,"Gausman, Kevin",656876,"Rasmussen, Drew"
822901,2026-05-11,Texas Rangers,Arizona Diamondbacks,596001,"Junis, Jakob",647336,"Soroka, Michael"
823953,2026-05-11,Los Angeles Dodgers,San Francisco Giants,808963,"Sasaki, Roki",686790,"McDonald, Trevor"
824199,2026-05-11,Houston Astros,Seattle Mariners,663567,"Lambert, Peter",669923,"Kirby, George"
824441,2026-05-11,Cleveland Guardians,Los Angeles Angels,676282,"Cantillo, Joey",608718,"Suter, Brent"
824844,2026-05-11,Baltimore Orioles,New York Yankees,687064,"Young, Brandon",677960,"Weathers, Ryan"
822817,2026-05-12,Toronto Blue Jays,Tampa Bay Rays,571578,"Corbin, Patrick",663556,"McClanahan, Shane"
822903,2026-05-12,Texas Rangers,Arizona Diamondbacks,669022,"Gore, MacKenzie",668678,"Gallen, Zac"
823385,2026-05-12,Pittsburgh Pirates,Colorado Rockies,694973,"Skenes, Paul",547179,"Lorenzen, Michael"
823632,2026-05-12,New York Mets,Detroit Tigers,642547,"Peralta, Freddy",656427,"Flaherty, Jack"
823712,2026-05-12,Minnesota Twins,Miami Marlins,641927,"Ober, Bailey",691587,"Pérez, Eury"
823790,2026-05-12,Milwaukee Brewers,San Diego Padres,687075,"Sproat, Brandon",699134,"Rodriguez, Bradgley"
823951,2026-05-12,Los Angeles Dodgers,San Francisco Giants,808967,"Yamamoto, Yoshinobu",605288,"Houser, Adrian"
824197,2026-05-12,Houston Astros,Seattle Mariners,837227,"Imai, Tatsuya",693433,"Woo, Bryan"
824442,2026-05-12,Cleveland Guardians,Los Angeles Angels,677944,"Cecconi, Slade",700712,"Ureña, Walbert"
824521,2026-05-12,Cincinnati Reds,Washington Nationals,663903,"Singer, Brady",571945,"Mikolas, Miles"
824604,2026-05-12,Chicago White Sox,Kansas City Royals,607200,"Fedde, Erick",663568,"Kolek, Stephen"
824764,2026-05-12,Boston Red Sox,Philadelphia Phillies,663558,"Morán, Jovani",554430,"Wheeler, Zack"
824843,2026-05-12,Baltimore Orioles,New York Yankees,669432,"Rogers, Trevor",701542,"Warren, Will"
824927,2026-05-12,Atlanta Braves,Chicago Cubs,656550,"Holmes, Grant",607067,"Rea, Colin"
825011,2026-05-12,Athletics,St. Louis Cardinals,605488,"Springs, Jeffrey",669467,"Pallante, Andre"
822815,2026-05-13,Toronto Blue Jays,Tampa Bay Rays,656302,"Cease, Dylan",643377,"Jax, Griffin"
822900,2026-05-13,Texas Rangers,Arizona Diamondbacks,677958,"Rocker, Kumar",669194,"Nelson, Ryne"
823386,2026-05-13,Pittsburgh Pirates,Colorado Rockies,656605,"Keller, Mitch",500779,"Quintana, Jose"
823631,2026-05-13,New York Mets,Detroit Tigers,681035,"Scott, Christian",664285,"Valdez, Framber"
823710,2026-05-13,Minnesota Twins,Miami Marlins,680573,"Woods Richardson, Simeon",676974,"Meyer, Max"
823791,2026-05-13,Milwaukee Brewers,San Diego Padres,694819,"Misiorowski, Jacob",650633,"King, Michael"
823952,2026-05-13,Los Angeles Dodgers,San Francisco Giants,660271,"Ohtani, Shohei",592662,"Ray, Robbie"
824195,2026-05-13,Houston Astros,Seattle Mariners,621121,"McCullers Jr., Lance",682243,"Miller, Bryce"
824438,2026-05-13,Cleveland Guardians,Los Angeles Angels,800048,"Messick, Parker",672282,"Detmers, Reid"
824519,2026-05-13,Cincinnati Reds,Washington Nationals,666157,"Lodolo, Nick",663623,"Irvin, Jake"
824603,2026-05-13,Chicago White Sox,Kansas City Royals,702273,"Schultz, Noah",607625,"Lugo, Seth"
824763,2026-05-13,Boston Red Sox,Philadelphia Phillies,543243,"Gray, Sonny",691725,"Painter, Andrew"
824841,2026-05-13,Baltimore Orioles,New York Yankees,680694,"Bradish, Kyle",608331,"Fried, Max"
824928,2026-05-13,Atlanta Braves,Chicago Cubs,702275,"Ritchie, JR",684007,"Imanaga, Shota"
825010,2026-05-13,Athletics,St. Louis Cardinals,669372,"Ginn, J.T.",669461,"Liberatore, Matthew"
823383,2026-05-14,Pittsburgh Pirates,Colorado Rockies,682254,"Montgomery, Mason",801403,"Dollander, Chase"
823630,2026-05-14,New York Mets,Detroit Tigers,690997,"McLean, Nolan",672456,"Montero, Keider"
823709,2026-05-14,Minnesota Twins,Miami Marlins,805673,"Matthews, Zebby",666129,"Garrett, Braxton"
823789,2026-05-14,Milwaukee Brewers,San Diego Padres,690986,"Harrison, Kyle",656288,"Canning, Griffin"
823950,2026-05-14,Los Angeles Dodgers,San Francisco Giants,686218,"Sheehan, Emmet",694738,"Roupp, Landen"
824196,2026-05-14,Houston Astros,Seattle Mariners,681347,"Burrows, Mike",622491,"Castillo, Luis"
824517,2026-05-14,Cincinnati Reds,Washington Nationals,695505,"Burns, Chase",656492,"Griffin, Foster"
824602,2026-05-14,Chicago White Sox,Kansas City Royals,641743,"Kay, Anthony",663460,"Bubic, Kris"
824762,2026-05-14,Boston Red Sox,Philadelphia Phillies,624133,"Suarez, Ranger",666200,"Luzardo, Jesús"
824926,2026-05-14,Atlanta Braves,Chicago Cubs,519242,"Sale, Chris",676962,"Brown, Ben"
825008,2026-05-14,Athletics,St. Louis Cardinals,682052,"Lopez, Jacob",700241,"McGreevy, Michael"
822739,2026-05-15,Washington Nationals,Baltimore Orioles,641793,"Littell, Zack",669358,"Baz, Shane"
822983,2026-05-15,Tampa Bay Rays,Miami Marlins,693855,"Seymour, Ian",676083,"Junk, Janson"
823061,2026-05-15,St. Louis Cardinals,Kansas City Royals,669160,"May, Dustin",608379,"Wacha, Michael"
823140,2026-05-15,Seattle Mariners,San Diego Padres,676106,"Hancock, Emerson",681190,"Vásquez, Randy"
823384,2026-05-15,Pittsburgh Pirates,Philadelphia Phillies,677952,"Ashcraft, Braxton",605400,"Nola, Aaron"
823629,2026-05-15,New York Mets,New York Yankees,605280,"Holmes, Clay",693645,"Schlittler, Cam"
823707,2026-05-15,Minnesota Twins,Milwaukee Brewers,657746,"Ryan, Joe",689441,"Crow, Coleman"
824037,2026-05-15,Los Angeles Angels,Los Angeles Dodgers,686799,"Kochanowicz, Jack",694361,"Klein, Will"
824194,2026-05-15,Houston Astros,Texas Rangers,681293,"Arrighetti, Spencer",683004,"Leiter, Jack"
824280,2026-05-15,Detroit Tigers,Toronto Blue Jays,669724,"Hanifee, Brenan",702056,"Yesavage, Trey"
824360,2026-05-15,Colorado Rockies,Arizona Diamondbacks,607536,"Freeland, Kyle",518876,"Kelly, Merrill"
824439,2026-05-15,Cleveland Guardians,Cincinnati Reds,676440,"Bibee, Tanner",671096,"Abbott, Andrew"
824601,2026-05-15,Chicago White Sox,Chicago Cubs,680732,"Burke, Sean",665795,"Cabrera, Edward"
824925,2026-05-15,Atlanta Braves,Boston Red Sox,675911,"Strider, Spencer",813349,"Early, Connelly"
825009,2026-05-15,Athletics,San Francisco Giants,650644,"Civale, Aaron",641816,"Mahle, Tyler"
822737,2026-05-16,Washington Nationals,Baltimore Orioles,676917,"Cavalli, Cade",605135,"Bassitt, Chris"
822981,2026-05-16,Tampa Bay Rays,Miami Marlins,607259,"Martinez, Nick",645261,"Alcantara, Sandy"
823060,2026-05-16,St. Louis Cardinals,Kansas City Royals,681517,"Leahy, Kyle",702070,"Cameron, Noah"
823139,2026-05-16,Seattle Mariners,San Diego Padres,669302,"Gilbert, Logan",621111,"Buehler, Walker"
823382,2026-05-16,Pittsburgh Pirates,Philadelphia Phillies,696149,"Chandler, Bubba",650911,"Sánchez, Cristopher"
823627,2026-05-16,New York Mets,New York Yankees,623211,"Brazobán, Huascar",607074,"Rodón, Carlos"
823706,2026-05-16,Minnesota Twins,Milwaukee Brewers,687570,"Prielipp, Connor",701656,"Henderson, Logan"
824038,2026-05-16,Los Angeles Angels,Los Angeles Dodgers,667755,"Soriano, José",680736,"Wrobleski, Justin"
824193,2026-05-16,Houston Astros,Texas Rangers,678906,"Teng, Kai-Wei",594798,"deGrom, Jacob"
824278,2026-05-16,Detroit Tigers,Toronto Blue Jays,663554,"Mize, Casey",689254,"Fluharty, Mason"
824359,2026-05-16,Colorado Rockies,Arizona Diamondbacks,608372,"Sugano, Tomoyuki",593958,"Rodriguez, Eduardo"
824435,2026-05-16,Cleveland Guardians,Cincinnati Reds,676282,"Cantillo, Joey",663978,"Paddack, Chris"
824600,2026-05-16,Chicago White Sox,Chicago Cubs,663436,"Martin, Davis",592791,"Taillon, Jameson"
824924,2026-05-16,Atlanta Braves,Boston Red Sox,693821,"Elder, Bryce",801139,"Tolle, Payton"
825007,2026-05-16,Athletics,San Francisco Giants,622663,"Severino, Luis",686790,"McDonald, Trevor"
822738,2026-05-17,Washington Nationals,Baltimore Orioles,663992,"Lovelady, Richard",687064,"Young, Brandon"
822982,2026-05-17,Tampa Bay Rays,Miami Marlins,656876,"Rasmussen, Drew",691587,"Pérez, Eury"
823058,2026-05-17,St. Louis Cardinals,Kansas City Royals,669467,"Pallante, Andre",663568,"Kolek, Stephen"
823138,2026-05-17,Seattle Mariners,San Diego Padres,669923,"Kirby, George",608337,"Giolito, Lucas"
823381,2026-05-17,Pittsburgh Pirates,Philadelphia Phillies,694973,"Skenes, Paul",554430,"Wheeler, Zack"
823628,2026-05-17,New York Mets,New York Yankees,642547,"Peralta, Freddy",695684,"Rodríguez, Elmer"
823708,2026-05-17,Minnesota Twins,Milwaukee Brewers,641927,"Ober, Bailey",688107,"Gasser, Robert"
824034,2026-05-17,Los Angeles Angels,Los Angeles Dodgers,680570,"Rodriguez, Grayson",808963,"Sasaki, Roki"
824192,2026-05-17,Houston Astros,Texas Rangers,663567,"Lambert, Peter",543135,"Eovaldi, Nathan"
824279,2026-05-17,Detroit Tigers,Toronto Blue Jays,656427,"Flaherty, Jack",592332,"Gausman, Kevin"
824358,2026-05-17,Colorado Rockies,Arizona Diamondbacks,547179,"Lorenzen, Michael",647336,"Soroka, Michael"
824436,2026-05-17,Cleveland Guardians,Cincinnati Reds,668909,"Williams, Gavin",663903,"Singer, Brady"
824599,2026-05-17,Chicago White Sox,Chicago Cubs,607200,"Fedde, Erick",607067,"Rea, Colin"
824923,2026-05-17,Atlanta Braves,Boston Red Sox,656550,"Holmes, Grant",678394,"Bello, Brayan"
825006,2026-05-17,Athletics,San Francisco Giants,605488,"Springs, Jeffrey",605288,"Houser, Adrian"
822734,2026-05-18,Washington Nationals,New York Mets,663623,"Irvin, Jake",681035,"Scott, Christian"
822980,2026-05-18,Tampa Bay Rays,Baltimore Orioles,663556,"McClanahan, Shane",669432,"Rogers, Trevor"
823137,2026-05-18,Seattle Mariners,Chicago White Sox,693433,"Woo, Bryan",702273,"Schultz, Noah"
823301,2026-05-18,San Diego Padres,Los Angeles Dodgers,650633,"King, Michael",808967,"Yamamoto, Yoshinobu"
823465,2026-05-18,Philadelphia Phillies,Cincinnati Reds,691725,"Painter, Andrew",666157,"Lodolo, Nick"
823549,2026-05-18,New York Yankees,Toronto Blue Jays,677960,"Weathers, Ryan",571578,"Corbin, Patrick"
823705,2026-05-18,Minnesota Twins,Houston Astros,696070,"Rojas, Kendry",837227,"Imai, Tatsuya"
823867,2026-05-18,Miami Marlins,Atlanta Braves,676974,"Meyer, Max",702275,"Ritchie, JR"
824035,2026-05-18,Los Angeles Angels,Athletics,700712,"Ureña, Walbert",669372,"Ginn, J.T."
824114,2026-05-18,Kansas City Royals,Boston Red Sox,607625,"Lugo, Seth",543243,"Gray, Sonny"
824277,2026-05-18,Detroit Tigers,Cleveland Guardians,664285,"Valdez, Framber",677944,"Cecconi, Slade"
824357,2026-05-18,Colorado Rockies,Texas Rangers,500779,"Quintana, Jose",669022,"Gore, MacKenzie"
824680,2026-05-18,Chicago Cubs,Milwaukee Brewers,684007,"Imanaga, Shota",687075,"Sproat, Brandon"
825087,2026-05-18,Arizona Diamondbacks,San Francisco Giants,668678,"Gallen, Zac",592662,"Ray, Robbie"
822736,2026-05-19,Washington Nationals,New York Mets,656492,"Griffin, Foster",690997,"McLean, Nolan"
822979,2026-05-19,Tampa Bay Rays,Baltimore Orioles,643377,"Jax, Griffin",680694,"Bradish, Kyle"
823059,2026-05-19,St. Louis Cardinals,Pittsburgh Pirates,669461,"Liberatore, Matthew",656605,"Keller, Mitch"
823136,2026-05-19,Seattle Mariners,Chicago White Sox,682243,"Miller, Bryce",641743,"Kay, Anthony"
823302,2026-05-19,San Diego Padres,Los Angeles Dodgers,656288,"Canning, Griffin",686218,"Sheehan, Emmet"
823464,2026-05-19,Philadelphia Phillies,Cincinnati Reds,666200,"Luzardo, Jesús",695505,"Burns, Chase"
823548,2026-05-19,New York Yankees,Toronto Blue Jays,701542,"Warren, Will",656302,"Cease, Dylan"
823704,2026-05-19,Minnesota Twins,Houston Astros,805673,"Matthews, Zebby",669920,"Alexander, Jason"
823865,2026-05-19,Miami Marlins,Atlanta Braves,666129,"Garrett, Braxton",527048,"Pérez, Martín"
824033,2026-05-19,Los Angeles Angels,Athletics,672282,"Detmers, Reid",682052,"Lopez, Jacob"
824112,2026-05-19,Kansas City Royals,Boston Red Sox,663559,"Falter, Bailey",624133,"Suarez, Ranger"
824276,2026-05-19,Detroit Tigers,Cleveland Guardians,672456,"Montero, Keider",800048,"Messick, Parker"
824356,2026-05-19,Colorado Rockies,Texas Rangers,671111,"Peralta, Sammy",641302,"Alexander, Tyler"
824677,2026-05-19,Chicago Cubs,Milwaukee Brewers,676962,"Brown, Ben",694819,"Misiorowski, Jacob"
825086,2026-05-19,Arizona Diamondbacks,San Francisco Giants,669194,"Nelson, Ryne",694738,"Roupp, Landen"
822735,2026-05-20,Washington Nationals,New York Mets,641793,"Littell, Zack",804267,"Thornton, Zac"
822977,2026-05-20,Tampa Bay Rays,Baltimore Orioles,571927,"Matz, Steven",669358,"Baz, Shane"
823057,2026-05-20,St. Louis Cardinals,Pittsburgh Pirates,700241,"McGreevy, Michael",669387,"Mlodzinski, Carmen"
823134,2026-05-20,Seattle Mariners,Chicago White Sox,676106,"Hancock, Emerson",680732,"Burke, Sean"
823299,2026-05-20,San Diego Padres,Los Angeles Dodgers,681190,"Vásquez, Randy",660271,"Ohtani, Shohei"
823462,2026-05-20,Philadelphia Phillies,Cincinnati Reds,605400,"Nola, Aaron",671096,"Abbott, Andrew"
823547,2026-05-20,New York Yankees,Toronto Blue Jays,693645,"Schlittler, Cam",702056,"Yesavage, Trey"
823703,2026-05-20,Minnesota Twins,Houston Astros,657746,"Ryan, Joe",681347,"Burrows, Mike"
823866,2026-05-20,Miami Marlins,Atlanta Braves,676083,"Junk, Janson",519242,"Sale, Chris"
824032,2026-05-20,Los Angeles Angels,Athletics,686799,"Kochanowicz, Jack",650644,"Civale, Aaron"
824111,2026-05-20,Kansas City Royals,Boston Red Sox,608379,"Wacha, Michael",813349,"Early, Connelly"
824273,2026-05-20,Detroit Tigers,Cleveland Guardians,623454,"Anderson, Drew",676440,"Bibee, Tanner"
824355,2026-05-20,Colorado Rockies,Texas Rangers,607536,"Freeland, Kyle",683004,"Leiter, Jack"
824678,2026-05-20,Chicago Cubs,Milwaukee Brewers,665795,"Cabrera, Edward",690986,"Harrison, Kyle"
825084,2026-05-20,Arizona Diamondbacks,San Francisco Giants,518876,"Kelly, Merrill",641816,"Mahle, Tyler"
822733,2026-05-21,Washington Nationals,New York Mets,676917,"Cavalli, Cade",656849,"Peterson, David"
823056,2026-05-21,St. Louis Cardinals,Pittsburgh Pirates,669160,"May, Dustin",677952,"Ashcraft, Braxton"
823545,2026-05-21,New York Yankees,Toronto Blue Jays,607074,"Rodón, Carlos",680755,"Fisher, Braydon"
823864,2026-05-21,Miami Marlins,Atlanta Braves,645261,"Alcantara, Sandy",675911,"Strider, Spencer"
824031,2026-05-21,Los Angeles Angels,Athletics,667755,"Soriano, José",622663,"Severino, Luis"
824274,2026-05-21,Detroit Tigers,Cleveland Guardians,663554,"Mize, Casey",676282,"Cantillo, Joey"
825083,2026-05-21,Arizona Diamondbacks,Colorado Rockies,593958,"Rodriguez, Eduardo",688642,"Agnos, Zach"
822816,2026-05-22,Toronto Blue Jays,Pittsburgh Pirates,592332,"Gausman, Kevin",696149,"Chandler, Bubba"
823223,2026-05-22,San Francisco Giants,Chicago White Sox,686790,"McDonald, Trevor",663436,"Martin, Davis"
823298,2026-05-22,San Diego Padres,Athletics,621111,"Buehler, Walker",605488,"Springs, Jeffrey"
823461,2026-05-22,Philadelphia Phillies,Cleveland Guardians,650911,"Sánchez, Cristopher",668909,"Williams, Gavin"
823546,2026-05-22,New York Yankees,Tampa Bay Rays,543037,"Cole, Gerrit",607259,"Martinez, Nick"
823788,2026-05-22,Milwaukee Brewers,Los Angeles Dodgers,701656,"Henderson, Logan",680736,"Wrobleski, Justin"
823863,2026-05-22,Miami Marlins,New York Mets,691587,"Pérez, Eury",668964,"Myers, Tobias"
824029,2026-05-22,Los Angeles Angels,Texas Rangers,680570,"Rodriguez, Grayson",594798,"deGrom, Jacob"
824110,2026-05-22,Kansas City Royals,Seattle Mariners,702070,"Cameron, Noah",669302,"Gilbert, Logan"
824679,2026-05-22,Chicago Cubs,Houston Astros,592791,"Taillon, Jameson",681293,"Arrighetti, Spencer"
824761,2026-05-22,Boston Red Sox,Minnesota Twins,801139,"Tolle, Payton",687570,"Prielipp, Connor"
824842,2026-05-22,Baltimore Orioles,Detroit Tigers,669211,"Akin, Keegan",656427,"Flaherty, Jack"
824922,2026-05-22,Atlanta Braves,Washington Nationals,693821,"Elder, Bryce",663992,"Lovelady, Richard"
825082,2026-05-22,Arizona Diamondbacks,Colorado Rockies,647336,"Soroka, Michael",608372,"Sugano, Tomoyuki"
822814,2026-05-23,Toronto Blue Jays,Pittsburgh Pirates,571578,"Corbin, Patrick",694973,"Skenes, Paul"
823222,2026-05-23,San Francisco Giants,Chicago White Sox,605288,"Houser, Adrian",663542,"Hudson, Bryan"
823300,2026-05-23,San Diego Padres,Athletics,608337,"Giolito, Lucas",669372,"Ginn, J.T."
823458,2026-05-23,Philadelphia Phillies,Cleveland Guardians,554430,"Wheeler, Zack",677944,"Cecconi, Slade"
823787,2026-05-23,Milwaukee Brewers,Los Angeles Dodgers,688107,"Gasser, Robert",808963,"Sasaki, Roki"
823862,2026-05-23,Miami Marlins,New York Mets,676974,"Meyer, Max",642547,"Peralta, Freddy"
824030,2026-05-23,Los Angeles Angels,Texas Rangers,700712,"Ureña, Walbert",543135,"Eovaldi, Nathan"
824109,2026-05-23,Kansas City Royals,Seattle Mariners,663568,"Kolek, Stephen",669923,"Kirby, George"
824516,2026-05-23,Cincinnati Reds,St. Louis Cardinals,695534,"Petty, Chase",681517,"Leahy, Kyle"
824518,2026-05-23,Cincinnati Reds,St. Louis Cardinals,663978,"Paddack, Chris",669467,"Pallante, Andre"
824674,2026-05-23,Chicago Cubs,Houston Astros,607067,"Rea, Colin",678906,"Teng, Kai-Wei"
824760,2026-05-23,Boston Red Sox,Minnesota Twins,663558,"Morán, Jovani",671737,"Bradley, Taj"
824920,2026-05-23,Atlanta Braves,Washington Nationals,656550,"Holmes, Grant",663623,"Irvin, Jake"
825080,2026-05-23,Arizona Diamondbacks,Colorado Rockies,668678,"Gallen, Zac",547179,"Lorenzen, Michael"
822813,2026-05-24,Toronto Blue Jays,Pittsburgh Pirates,656302,"Cease, Dylan",656605,"Keller, Mitch"
823220,2026-05-24,San Francisco Giants,Chicago White Sox,592662,"Ray, Robbie",702273,"Schultz, Noah"
823297,2026-05-24,San Diego Padres,Athletics,650633,"King, Michael",665622,"Medina, Luis"
823459,2026-05-24,Philadelphia Phillies,Cleveland Guardians,691725,"Painter, Andrew",800048,"Messick, Parker"
823544,2026-05-24,New York Yankees,Tampa Bay Rays,677960,"Weathers, Ryan",656876,"Rasmussen, Drew"
823786,2026-05-24,Milwaukee Brewers,Los Angeles Dodgers,687075,"Sproat, Brandon",808967,"Yamamoto, Yoshinobu"
823861,2026-05-24,Miami Marlins,New York Mets,663969,"Phillips, Tyler",681035,"Scott, Christian"
824028,2026-05-24,Los Angeles Angels,Texas Rangers,672282,"Detmers, Reid",669022,"Gore, MacKenzie"
824108,2026-05-24,Kansas City Royals,Seattle Mariners,607625,"Lugo, Seth",693433,"Woo, Bryan"
824676,2026-05-24,Chicago Cubs,Houston Astros,684007,"Imanaga, Shota",663567,"Lambert, Peter"
824759,2026-05-24,Boston Red Sox,Minnesota Twins,543243,"Gray, Sonny",641927,"Ober, Bailey"
824839,2026-05-24,Baltimore Orioles,Detroit Tigers,687064,"Young, Brandon",664285,"Valdez, Framber"
824840,2026-05-24,Baltimore Orioles,Detroit Tigers,669432,"Rogers, Trevor",675512,"Melton, Troy"
824921,2026-05-24,Atlanta Braves,Washington Nationals,527048,"Pérez, Martín",656492,"Griffin, Foster"
825081,2026-05-24,Arizona Diamondbacks,Colorado Rockies,669194,"Nelson, Ryne",500779,"Quintana, Jose"
822812,2026-05-25,Toronto Blue Jays,Miami Marlins,702056,"Yesavage, Trey",676083,"Junk, Janson"
822899,2026-05-25,Texas Rangers,Houston Astros,677958,"Rocker, Kumar",837227,"Imai, Tatsuya"
823219,2026-05-25,San Francisco Giants,Arizona Diamondbacks,694738,"Roupp, Landen",518876,"Kelly, Merrill"
823296,2026-05-25,San Diego Padres,Philadelphia Phillies,656288,"Canning, Griffin",666200,"Luzardo, Jesús"
823380,2026-05-25,Pittsburgh Pirates,Chicago Cubs,669387,"Mlodzinski, Carmen",676962,"Brown, Ben"
823625,2026-05-25,New York Mets,Cincinnati Reds,690997,"McLean, Nolan",666157,"Lodolo, Nick"
823784,2026-05-25,Milwaukee Brewers,St. Louis Cardinals,694819,"Misiorowski, Jacob",669461,"Liberatore, Matthew"
823948,2026-05-25,Los Angeles Dodgers,Colorado Rockies,686218,"Sheehan, Emmet",685299,"Gordon, Tanner"
824107,2026-05-25,Kansas City Royals,New York Yankees,608379,"Wacha, Michael",701542,"Warren, Will"
824437,2026-05-25,Cleveland Guardians,Washington Nationals,676440,"Bibee, Tanner",676571,"Poulin, PJ"
824598,2026-05-25,Chicago White Sox,Minnesota Twins,641743,"Kay, Anthony",805673,"Matthews, Zebby"
824838,2026-05-25,Baltimore Orioles,Tampa Bay Rays,680694,"Bradish, Kyle",663556,"McClanahan, Shane"
825005,2026-05-25,Athletics,Seattle Mariners,650644,"Civale, Aaron",622491,"Castillo, Luis"
822811,2026-05-26,Toronto Blue Jays,Miami Marlins,680755,"Fisher, Braydon",645261,"Alcantara, Sandy"
822898,2026-05-26,Texas Rangers,Houston Astros,683004,"Leiter, Jack",669920,"Alexander, Jason"
823216,2026-05-26,San Francisco Giants,Arizona Diamondbacks,641816,"Mahle, Tyler",593958,"Rodriguez, Eduardo"
823294,2026-05-26,San Diego Padres,Philadelphia Phillies,681190,"Vásquez, Randy",605400,"Nola, Aaron"
823379,2026-05-26,Pittsburgh Pirates,Chicago Cubs,677952,"Ashcraft, Braxton",696136,"Wicks, Jordan"
823624,2026-05-26,New York Mets,Cincinnati Reds,656849,"Peterson, David",695505,"Burns, Chase"
823785,2026-05-26,Milwaukee Brewers,St. Louis Cardinals,690986,"Harrison, Kyle",700241,"McGreevy, Michael"
823949,2026-05-26,Los Angeles Dodgers,Colorado Rockies,641778,"Lauer, Eric",607536,"Freeland, Kyle"
824106,2026-05-26,Kansas City Royals,New York Yankees,663559,"Falter, Bailey",693645,"Schlittler, Cam"
824275,2026-05-26,Detroit Tigers,Los Angeles Angels,672456,"Montero, Keider",686799,"Kochanowicz, Jack"
824434,2026-05-26,Cleveland Guardians,Washington Nationals,676282,"Cantillo, Joey",676917,"Cavalli, Cade"
824597,2026-05-26,Chicago White Sox,Minnesota Twins,680732,"Burke, Sean",657746,"Ryan, Joe"
824758,2026-05-26,Boston Red Sox,Atlanta Braves,624133,"Suarez, Ranger",675911,"Strider, Spencer"
824837,2026-05-26,Baltimore Orioles,Tampa Bay Rays,669358,"Baz, Shane",643377,"Jax, Griffin"
825004,2026-05-26,Athletics,Seattle Mariners,695611,"Jump, Gage",676106,"Hancock, Emerson"
822809,2026-05-27,Toronto Blue Jays,Miami Marlins,592332,"Gausman, Kevin",691587,"Pérez, Eury"
822897,2026-05-27,Texas Rangers,Houston Astros,594798,"deGrom, Jacob",681347,"Burrows, Mike"
823217,2026-05-27,San Francisco Giants,Arizona Diamondbacks,686790,"McDonald, Trevor",647336,"Soroka, Michael"
823295,2026-05-27,San Diego Padres,Philadelphia Phillies,621111,"Buehler, Walker",650911,"Sánchez, Cristopher"
823376,2026-05-27,Pittsburgh Pirates,Chicago Cubs,696149,"Chandler, Bubba",592791,"Taillon, Jameson"
823626,2026-05-27,New York Mets,Cincinnati Reds,623211,"Brazobán, Huascar",671096,"Abbott, Andrew"
823783,2026-05-27,Milwaukee Brewers,St. Louis Cardinals,694477,"Patrick, Chad",669160,"May, Dustin"
823947,2026-05-27,Los Angeles Dodgers,Colorado Rockies,660271,"Ohtani, Shohei",608372,"Sugano, Tomoyuki"
824104,2026-05-27,Kansas City Royals,New York Yankees,702070,"Cameron, Noah",543037,"Cole, Gerrit"
824270,2026-05-27,Detroit Tigers,Los Angeles Angels,663554,"Mize, Casey",667755,"Soriano, José"
824432,2026-05-27,Cleveland Guardians,Washington Nationals,668909,"Williams, Gavin",676571,"Poulin, PJ"
824596,2026-05-27,Chicago White Sox,Minnesota Twins,689818,"Sandlin, David",687570,"Prielipp, Connor"
824756,2026-05-27,Boston Red Sox,Atlanta Braves,813349,"Early, Connelly",693821,"Elder, Bryce"
824836,2026-05-27,Baltimore Orioles,Tampa Bay Rays,694346,"Gibson, Trey",571927,"Matz, Steven"
825003,2026-05-27,Athletics,Seattle Mariners,605488,"Springs, Jeffrey",669302,"Gilbert, Logan"
822896,2026-05-28,Texas Rangers,Houston Astros,543135,"Eovaldi, Nathan",681293,"Arrighetti, Spencer"
823378,2026-05-28,Pittsburgh Pirates,Chicago Cubs,694973,"Skenes, Paul",607067,"Rea, Colin"
824272,2026-05-28,Detroit Tigers,Los Angeles Angels,656427,"Flaherty, Jack",680570,"Rodriguez, Grayson"
824595,2026-05-28,Chicago White Sox,Minnesota Twins,663436,"Martin, Davis",680573,"Woods Richardson, Simeon"
824757,2026-05-28,Boston Red Sox,Atlanta Braves,801139,"Tolle, Payton",519242,"Sale, Chris"
824834,2026-05-28,Baltimore Orioles,Toronto Blue Jays,605135,"Bassitt, Chris",571578,"Corbin, Patrick"
822732,2026-05-29,Washington Nationals,San Diego Padres,687606,"Schultz, Paxton",608337,"Giolito, Lucas"
822894,2026-05-29,Texas Rangers,Kansas City Royals,669022,"Gore, MacKenzie",663568,"Kolek, Stephen"
822978,2026-05-29,Tampa Bay Rays,Los Angeles Angels,607259,"Martinez, Nick",700712,"Ureña, Walbert"
823055,2026-05-29,St. Louis Cardinals,Chicago Cubs,669467,"Pallante, Andre",684007,"Imanaga, Shota"
823135,2026-05-29,Seattle Mariners,Arizona Diamondbacks,669923,"Kirby, George",668678,"Gallen, Zac"
823377,2026-05-29,Pittsburgh Pirates,Minnesota Twins,683003,"Jones, Jared",671737,"Bradley, Taj"
823623,2026-05-29,New York Mets,Miami Marlins,642547,"Peralta, Freddy",676974,"Meyer, Max"
823946,2026-05-29,Los Angeles Dodgers,Philadelphia Phillies,680736,"Wrobleski, Justin",554430,"Wheeler, Zack"
824191,2026-05-29,Houston Astros,Milwaukee Brewers,678906,"Teng, Kai-Wei",689441,"Crow, Coleman"
824353,2026-05-29,Colorado Rockies,San Francisco Giants,547179,"Lorenzen, Michael",657277,"Webb, Logan"
824433,2026-05-29,Cleveland Guardians,Boston Red Sox,677944,"Cecconi, Slade",701719,"Samaniego, Tyler"
824515,2026-05-29,Cincinnati Reds,Atlanta Braves,663978,"Paddack, Chris",656550,"Holmes, Grant"
824594,2026-05-29,Chicago White Sox,Detroit Tigers,685126,"Eisert, Brandon",675512,"Melton, Troy"
824835,2026-05-29,Baltimore Orioles,Toronto Blue Jays,669432,"Rogers, Trevor",671936,"Macko, Adam"
825002,2026-05-29,Athletics,New York Yankees,622663,"Severino, Luis",607074,"Rodón, Carlos"
822731,2026-05-30,Washington Nationals,San Diego Padres,656492,"Griffin, Foster",650633,"King, Michael"
822893,2026-05-30,Texas Rangers,Kansas City Royals,677958,"Rocker, Kumar",607625,"Lugo, Seth"
822975,2026-05-30,Tampa Bay Rays,Los Angeles Angels,656876,"Rasmussen, Drew",672282,"Detmers, Reid"
823054,2026-05-30,St. Louis Cardinals,Chicago Cubs,681517,"Leahy, Kyle",676962,"Brown, Ben"
823132,2026-05-30,Seattle Mariners,Arizona Diamondbacks,693433,"Woo, Bryan",669194,"Nelson, Ryne"
823375,2026-05-30,Pittsburgh Pirates,Minnesota Twins,656605,"Keller, Mitch",641927,"Ober, Bailey"
823622,2026-05-30,New York Mets,Miami Marlins,681035,"Scott, Christian",663969,"Phillips, Tyler"
823945,2026-05-30,Los Angeles Dodgers,Philadelphia Phillies,808963,"Sasaki, Roki",666200,"Luzardo, Jesús"
824190,2026-05-30,Houston Astros,Milwaukee Brewers,663567,"Lambert, Peter",687075,"Sproat, Brandon"
824352,2026-05-30,Colorado Rockies,San Francisco Giants,663372,"Feltner, Ryan",605288,"Houser, Adrian"
824431,2026-05-30,Cleveland Guardians,Boston Red Sox,800048,"Messick, Parker",543243,"Gray, Sonny"
824513,2026-05-30,Cincinnati Reds,Atlanta Braves,663903,"Singer, Brady",527048,"Pérez, Martín"
824593,2026-05-30,Chicago White Sox,Detroit Tigers,641743,"Kay, Anthony",664285,"Valdez, Framber"
824833,2026-05-30,Baltimore Orioles,Toronto Blue Jays,687064,"Young, Brandon",702056,"Yesavage, Trey"
825000,2026-05-30,Athletics,New York Yankees,669372,"Ginn, J.T.",677960,"Weathers, Ryan"
822729,2026-05-31,Washington Nationals,San Diego Padres,641793,"Littell, Zack",656288,"Canning, Griffin"
822895,2026-05-31,Texas Rangers,Kansas City Royals,683004,"Leiter, Jack",608379,"Wacha, Michael"
822976,2026-05-31,Tampa Bay Rays,Los Angeles Angels,663556,"McClanahan, Shane",686799,"Kochanowicz, Jack"
823053,2026-05-31,St. Louis Cardinals,Chicago Cubs,669461,"Liberatore, Matthew",696136,"Wicks, Jordan"
823133,2026-05-31,Seattle Mariners,Arizona Diamondbacks,682243,"Miller, Bryce",518876,"Kelly, Merrill"
823373,2026-05-31,Pittsburgh Pirates,Minnesota Twins,677952,"Ashcraft, Braxton",805673,"Matthews, Zebby"
823621,2026-05-31,New York Mets,Miami Marlins,690997,"McLean, Nolan",667463,"King, John"
823944,2026-05-31,Los Angeles Dodgers,Philadelphia Phillies,808967,"Yamamoto, Yoshinobu",691725,"Painter, Andrew"
824187,2026-05-31,Houston Astros,Milwaukee Brewers,837227,"Imai, Tatsuya",694819,"Misiorowski, Jacob"
824354,2026-05-31,Colorado Rockies,San Francisco Giants,685299,"Gordon, Tanner",592662,"Ray, Robbie"
824430,2026-05-31,Cleveland Guardians,Boston Red Sox,676440,"Bibee, Tanner",624133,"Suarez, Ranger"
824512,2026-05-31,Cincinnati Reds,Atlanta Braves,666157,"Lodolo, Nick",675911,"Strider, Spencer"
824592,2026-05-31,Chicago White Sox,Detroit Tigers,680732,"Burke, Sean",672456,"Montero, Keider"
824832,2026-05-31,Baltimore Orioles,Toronto Blue Jays,680694,"Bradish, Kyle",693686,"Miles, Spencer"
825001,2026-05-31,Athletics,New York Yankees,682052,"Lopez, Jacob",701542,"Warren, Will"
822730,2026-06-01,Washington Nationals,Miami Marlins,676917,"Cavalli, Cade",645261,"Alcantara, Sandy"
822974,2026-06-01,Tampa Bay Rays,Detroit Tigers,643377,"Jax, Griffin",680744,"Madden, Ty"
823050,2026-06-01,St. Louis Cardinals,Texas Rangers,700241,"McGreevy, Michael",594798,"deGrom, Jacob"
823131,2026-06-01,Seattle Mariners,New York Mets,676106,"Hancock, Emerson",681810,"Warren, Austin"
823702,2026-06-01,Minnesota Twins,Chicago White Sox,657746,"Ryan, Joe",689818,"Sandlin, David"
823781,2026-06-01,Milwaukee Brewers,San Francisco Giants,675660,"Drohan, Shane",694738,"Roupp, Landen"
824027,2026-06-01,Los Angeles Angels,Colorado Rockies,667755,"Soriano, José",607536,"Freeland, Kyle"
824510,2026-06-01,Cincinnati Reds,Kansas City Royals,680689,"Richardson, Lyon",679883,"Avila, Luinder"
825078,2026-06-01,Arizona Diamondbacks,Los Angeles Dodgers,593958,"Rodriguez, Eduardo",686218,"Sheehan, Emmet"
822728,2026-06-02,Washington Nationals,Miami Marlins,663992,"Lovelady, Richard",669199,"Bachar, Lake"
822971,2026-06-02,Tampa Bay Rays,Detroit Tigers,571927,"Matz, Steven",656427,"Flaherty, Jack"
823052,2026-06-02,St. Louis Cardinals,Texas Rangers,669160,"May, Dustin",543135,"Eovaldi, Nathan"
823129,2026-06-02,Seattle Mariners,New York Mets,669302,"Gilbert, Logan",623211,"Brazobán, Huascar"
823460,2026-06-02,Philadelphia Phillies,San Diego Padres,605400,"Nola, Aaron",681190,"Vásquez, Randy"
823541,2026-06-02,New York Yankees,Cleveland Guardians,693645,"Schlittler, Cam",676282,"Cantillo, Joey"
823700,2026-06-02,Minnesota Twins,Chicago White Sox,687570,"Prielipp, Connor",663436,"Martin, Davis"
823782,2026-06-02,Milwaukee Brewers,San Francisco Giants,690986,"Harrison, Kyle",686790,"McDonald, Trevor"
824026,2026-06-02,Los Angeles Angels,Colorado Rockies,680570,"Rodriguez, Grayson",608372,"Sugano, Tomoyuki"
824189,2026-06-02,Houston Astros,Pittsburgh Pirates,681347,"Burrows, Mike",696149,"Chandler, Bubba"
824511,2026-06-02,Cincinnati Reds,Kansas City Royals,671096,"Abbott, Andrew",702070,"Cameron, Noah"
824675,2026-06-02,Chicago Cubs,Athletics,592791,"Taillon, Jameson",695611,"Jump, Gage"
824754,2026-06-02,Boston Red Sox,Baltimore Orioles,813349,"Early, Connelly",669358,"Baz, Shane"
824918,2026-06-02,Atlanta Braves,Toronto Blue Jays,693821,"Elder, Bryce",592332,"Gausman, Kevin"
825079,2026-06-02,Arizona Diamondbacks,Los Angeles Dodgers,647336,"Soroka, Michael",641778,"Lauer, Eric"
822727,2026-06-03,Washington Nationals,Miami Marlins,674841,"Alvarez, Andrew",676974,"Meyer, Max"
822973,2026-06-03,Tampa Bay Rays,Detroit Tigers,607259,"Martinez, Nick",675512,"Melton, Troy"
823051,2026-06-03,St. Louis Cardinals,Texas Rangers,669467,"Pallante, Andre",669022,"Gore, MacKenzie"
823130,2026-06-03,Seattle Mariners,New York Mets,669923,"Kirby, George",642547,"Peralta, Freddy"
823456,2026-06-03,Philadelphia Phillies,San Diego Padres,650911,"Sánchez, Cristopher",621111,"Buehler, Walker"
823540,2026-06-03,New York Yankees,Cleveland Guardians,543037,"Cole, Gerrit",668909,"Williams, Gavin"
823701,2026-06-03,Minnesota Twins,Chicago White Sox,671737,"Bradley, Taj",607200,"Fedde, Erick"
823780,2026-06-03,Milwaukee Brewers,San Francisco Giants,688107,"Gasser, Robert",657277,"Webb, Logan"
824024,2026-06-03,Los Angeles Angels,Colorado Rockies,700712,"Ureña, Walbert",547179,"Lorenzen, Michael"
824188,2026-06-03,Houston Astros,Pittsburgh Pirates,681293,"Arrighetti, Spencer",694973,"Skenes, Paul"
824509,2026-06-03,Cincinnati Reds,Kansas City Royals,695505,"Burns, Chase",663568,"Kolek, Stephen"
824671,2026-06-03,Chicago Cubs,Athletics,607067,"Rea, Colin",605488,"Springs, Jeffrey"
824755,2026-06-03,Boston Red Sox,Baltimore Orioles,801139,"Tolle, Payton",605135,"Bassitt, Chris"
824917,2026-06-03,Atlanta Braves,Toronto Blue Jays,656550,"Holmes, Grant",571578,"Corbin, Patrick"
825077,2026-06-03,Arizona Diamondbacks,Los Angeles Dodgers,668678,"Gallen, Zac",660271,"Ohtani, Shohei"
823457,2026-06-04,Philadelphia Phillies,San Diego Padres,554430,"Wheeler, Zack",608337,"Giolito, Lucas"
823542,2026-06-04,New York Yankees,Cleveland Guardians,607074,"Rodón, Carlos",677944,"Cecconi, Slade"
823698,2026-06-04,Minnesota Twins,Kansas City Royals,702193,"Morris, Andrew",607625,"Lugo, Seth"
823779,2026-06-04,Milwaukee Brewers,San Francisco Giants,689441,"Crow, Coleman",605288,"Houser, Adrian"
824185,2026-06-04,Houston Astros,Pittsburgh Pirates,678906,"Teng, Kai-Wei",683003,"Jones, Jared"
824672,2026-06-04,Chicago Cubs,Athletics,684007,"Imanaga, Shota",669372,"Ginn, J.T."
824753,2026-06-04,Boston Red Sox,Baltimore Orioles,678394,"Bello, Brayan",669432,"Rogers, Trevor"
824919,2026-06-04,Atlanta Braves,Toronto Blue Jays,519242,"Sale, Chris",689254,"Fluharty, Mason"
825076,2026-06-04,Arizona Diamondbacks,Los Angeles Dodgers,669194,"Nelson, Ryne",680736,"Wrobleski, Justin"
822810,2026-06-05,Toronto Blue Jays,Baltimore Orioles,702056,"Yesavage, Trey",687064,"Young, Brandon"
822892,2026-06-05,Texas Rangers,Cleveland Guardians,677958,"Rocker, Kumar",800048,"Messick, Parker"
823049,2026-06-05,St. Louis Cardinals,Cincinnati Reds,681517,"Leahy, Kyle",663903,"Singer, Brady"
823293,2026-06-05,San Diego Padres,New York Mets,650633,"King, Michael",681035,"Scott, Christian"
823455,2026-06-05,Philadelphia Phillies,Chicago White Sox,666200,"Luzardo, Jesús",641743,"Kay, Anthony"
823538,2026-06-05,New York Yankees,Boston Red Sox,677960,"Weathers, Ryan",543243,"Gray, Sonny"
823699,2026-06-05,Minnesota Twins,Kansas City Royals,805673,"Matthews, Zebby",608379,"Wacha, Michael"
823860,2026-06-05,Miami Marlins,Tampa Bay Rays,687473,"Gusto, Ryan",656876,"Rasmussen, Drew"
823943,2026-06-05,Los Angeles Dodgers,Los Angeles Angels,808963,"Sasaki, Roki",672282,"Detmers, Reid"
824186,2026-06-05,Houston Astros,Athletics,663567,"Lambert, Peter",678022,"Perkins, Jack"
824271,2026-06-05,Detroit Tigers,Seattle Mariners,664285,"Valdez, Framber",693433,"Woo, Bryan"
824350,2026-06-05,Colorado Rockies,Milwaukee Brewers,663372,"Feltner, Ryan",687075,"Sproat, Brandon"
824673,2026-06-05,Chicago Cubs,San Francisco Giants,665795,"Cabrera, Edward",592662,"Ray, Robbie"
824914,2026-06-05,Atlanta Braves,Pittsburgh Pirates,527048,"Pérez, Martín",656605,"Keller, Mitch"
825073,2026-06-05,Arizona Diamondbacks,Washington Nationals,518876,"Kelly, Merrill",656492,"Griffin, Foster"
822808,2026-06-06,Toronto Blue Jays,Baltimore Orioles,680755,"Fisher, Braydon",680694,"Bradish, Kyle"
822891,2026-06-06,Texas Rangers,Cleveland Guardians,683004,"Leiter, Jack",676440,"Bibee, Tanner"
823048,2026-06-06,St. Louis Cardinals,Cincinnati Reds,669461,"Liberatore, Matthew",666157,"Lodolo, Nick"
823292,2026-06-06,San Diego Padres,New York Mets,656288,"Canning, Griffin",690997,"McLean, Nolan"
823454,2026-06-06,Philadelphia Phillies,Chicago White Sox,691725,"Painter, Andrew",685126,"Eisert, Brandon"
823697,2026-06-06,Minnesota Twins,Kansas City Royals,657746,"Ryan, Joe",679883,"Avila, Luinder"
823859,2026-06-06,Miami Marlins,Tampa Bay Rays,669199,"Bachar, Lake",663556,"McClanahan, Shane"
823942,2026-06-06,Los Angeles Dodgers,Los Angeles Angels,808967,"Yamamoto, Yoshinobu",686799,"Kochanowicz, Jack"
824184,2026-06-06,Houston Astros,Athletics,837227,"Imai, Tatsuya",695034,"Morris, Kade"
824269,2026-06-06,Detroit Tigers,Seattle Mariners,672456,"Montero, Keider",682243,"Miller, Bryce"
824351,2026-06-06,Colorado Rockies,Milwaukee Brewers,688642,"Agnos, Zach",694819,"Misiorowski, Jacob"
824669,2026-06-06,Chicago Cubs,San Francisco Giants,676962,"Brown, Ben",694738,"Roupp, Landen"
824915,2026-06-06,Atlanta Braves,Pittsburgh Pirates,675911,"Strider, Spencer",677952,"Ashcraft, Braxton"
825075,2026-06-06,Arizona Diamondbacks,Washington Nationals,593958,"Rodriguez, Eduardo",641793,"Littell, Zack"
822807,2026-06-07,Toronto Blue Jays,Baltimore Orioles,592332,"Gausman, Kevin",669358,"Baz, Shane"
822890,2026-06-07,Texas Rangers,Cleveland Guardians,594798,"deGrom, Jacob",676282,"Cantillo, Joey"
823047,2026-06-07,St. Louis Cardinals,Cincinnati Reds,700241,"McGreevy, Michael",695076,"Lowder, Rhett"
823291,2026-06-07,San Diego Padres,New York Mets,681190,"Vásquez, Randy",623211,"Brazobán, Huascar"
823453,2026-06-07,Philadelphia Phillies,Chicago White Sox,605400,"Nola, Aaron",656457,"Gilbert, Tyler"
823537,2026-06-07,New York Yankees,Boston Red Sox,693645,"Schlittler, Cam",624133,"Suarez, Ranger"
823696,2026-06-07,Minnesota Twins,Kansas City Royals,687570,"Prielipp, Connor",702070,"Cameron, Noah"
823857,2026-06-07,Miami Marlins,Tampa Bay Rays,645261,"Alcantara, Sandy",643377,"Jax, Griffin"
823941,2026-06-07,Los Angeles Dodgers,Los Angeles Angels,686218,"Sheehan, Emmet",667755,"Soriano, José"
824183,2026-06-07,Houston Astros,Athletics,681347,"Burrows, Mike",695611,"Jump, Gage"
824268,2026-06-07,Detroit Tigers,Seattle Mariners,656427,"Flaherty, Jack",622491,"Castillo, Luis"
824349,2026-06-07,Colorado Rockies,Milwaukee Brewers,607536,"Freeland, Kyle",675660,"Drohan, Shane"
824670,2026-06-07,Chicago Cubs,San Francisco Giants,592791,"Taillon, Jameson",686790,"McDonald, Trevor"
824916,2026-06-07,Atlanta Braves,Pittsburgh Pirates,693821,"Elder, Bryce",682254,"Montgomery, Mason"
825074,2026-06-07,Arizona Diamondbacks,Washington Nationals,647336,"Soroka, Michael",676917,"Cavalli, Cade"
822806,2026-06-08,Toronto Blue Jays,Philadelphia Phillies,571578,"Corbin, Patrick",650911,"Sánchez, Cristopher"
822972,2026-06-08,Tampa Bay Rays,Boston Red Sox,693855,"Seymour, Ian",813349,"Early, Connelly"
823218,2026-06-08,San Francisco Giants,Washington Nationals,657277,"Webb, Logan",663992,"Lovelady, Richard"
823289,2026-06-08,San Diego Padres,Cincinnati Reds,621111,"Buehler, Walker",671096,"Abbott, Andrew"
824025,2026-06-08,Los Angeles Angels,Houston Astros,680570,"Rodriguez, Grayson",681293,"Arrighetti, Spencer"
824427,2026-06-08,Cleveland Guardians,New York Yankees,668909,"Williams, Gavin",701542,"Warren, Will"
824829,2026-06-08,Baltimore Orioles,Seattle Mariners,694346,"Gibson, Trey",676106,"Hancock, Emerson"
824998,2026-06-08,Athletics,Milwaukee Brewers,605488,"Springs, Jeffrey",690986,"Harrison, Kyle"
822805,2026-06-09,Toronto Blue Jays,Philadelphia Phillies,656302,"Cease, Dylan",554430,"Wheeler, Zack"
822969,2026-06-09,Tampa Bay Rays,Boston Red Sox,607259,"Martinez, Nick",801139,"Tolle, Payton"
823214,2026-06-09,San Francisco Giants,Washington Nationals,605288,"Houser, Adrian",674841,"Alvarez, Andrew"
823290,2026-06-09,San Diego Padres,Cincinnati Reds,608337,"Giolito, Lucas",695505,"Burns, Chase"
823374,2026-06-09,Pittsburgh Pirates,Los Angeles Dodgers,694973,"Skenes, Paul",641778,"Lauer, Eric"
823620,2026-06-09,New York Mets,St. Louis Cardinals,642547,"Peralta, Freddy",669160,"May, Dustin"
823858,2026-06-09,Miami Marlins,Arizona Diamondbacks,676974,"Meyer, Max",668678,"Gallen, Zac"
824023,2026-06-09,Los Angeles Angels,Houston Astros,700712,"Ureña, Walbert",678906,"Teng, Kai-Wei"
824105,2026-06-09,Kansas City Royals,Texas Rangers,663568,"Kolek, Stephen",543135,"Eovaldi, Nathan"
824267,2026-06-09,Detroit Tigers,Minnesota Twins,675512,"Melton, Troy",671737,"Bradley, Taj"
824347,2026-06-09,Colorado Rockies,Chicago Cubs,608372,"Sugano, Tomoyuki",607067,"Rea, Colin"
824429,2026-06-09,Cleveland Guardians,New York Yankees,677944,"Cecconi, Slade",543037,"Cole, Gerrit"
824591,2026-06-09,Chicago White Sox,Atlanta Braves,685126,"Eisert, Brandon",656550,"Holmes, Grant"
824830,2026-06-09,Baltimore Orioles,Seattle Mariners,669432,"Rogers, Trevor",669302,"Gilbert, Logan"
824999,2026-06-09,Athletics,Milwaukee Brewers,669372,"Ginn, J.T.",688107,"Gasser, Robert"
822804,2026-06-10,Toronto Blue Jays,Philadelphia Phillies,453286,"Scherzer, Max",666200,"Luzardo, Jesús"
822970,2026-06-10,Tampa Bay Rays,Boston Red Sox,656876,"Rasmussen, Drew",687562,"Bennett, Jake"
823215,2026-06-10,San Francisco Giants,Washington Nationals,592662,"Ray, Robbie",656492,"Griffin, Foster"
823287,2026-06-10,San Diego Padres,Cincinnati Reds,650633,"King, Michael",663903,"Singer, Brady"
823372,2026-06-10,Pittsburgh Pirates,Los Angeles Dodgers,683003,"Jones, Jared",660271,"Ohtani, Shohei"
823618,2026-06-10,New York Mets,St. Louis Cardinals,681810,"Warren, Austin",669467,"Pallante, Andre"
823856,2026-06-10,Miami Marlins,Arizona Diamondbacks,687473,"Gusto, Ryan",669194,"Nelson, Ryne"
824022,2026-06-10,Los Angeles Angels,Houston Astros,672282,"Detmers, Reid",663567,"Lambert, Peter"
824103,2026-06-10,Kansas City Royals,Texas Rangers,607625,"Lugo, Seth",669022,"Gore, MacKenzie"
824266,2026-06-10,Detroit Tigers,Minnesota Twins,664285,"Valdez, Framber",702474,"Paredes, Mike"
824348,2026-06-10,Colorado Rockies,Chicago Cubs,547179,"Lorenzen, Michael",684007,"Imanaga, Shota"
824428,2026-06-10,Cleveland Guardians,New York Yankees,800048,"Messick, Parker",607074,"Rodón, Carlos"
824590,2026-06-10,Chicago White Sox,Atlanta Braves,663436,"Martin, Davis",519242,"Sale, Chris"
824831,2026-06-10,Baltimore Orioles,Seattle Mariners,687064,"Young, Brandon",669923,"Kirby, George"
824996,2026-06-10,Athletics,Milwaukee Brewers,678022,"Perkins, Jack",687075,"Sproat, Brandon"
823371,2026-06-11,Pittsburgh Pirates,Los Angeles Dodgers,656605,"Keller, Mitch",680736,"Wrobleski, Justin"
823619,2026-06-11,New York Mets,St. Louis Cardinals,681035,"Scott, Christian",690928,"Dobbins, Hunter"
823855,2026-06-11,Miami Marlins,Arizona Diamondbacks,663969,"Phillips, Tyler",518876,"Kelly, Merrill"
824101,2026-06-11,Kansas City Royals,Texas Rangers,608379,"Wacha, Michael",677958,"Rocker, Kumar"
824265,2026-06-11,Detroit Tigers,Minnesota Twins,672456,"Montero, Keider",805673,"Matthews, Zebby"
824346,2026-06-11,Colorado Rockies,Chicago Cubs,663372,"Feltner, Ryan",665795,"Cabrera, Edward"
824827,2026-06-11,Baltimore Orioles,Seattle Mariners,680694,"Bradish, Kyle",693433,"Woo, Bryan"
822726,2026-06-12,Washington Nationals,Seattle Mariners,641793,"Littell, Zack",682243,"Miller, Bryce"
822803,2026-06-12,Toronto Blue Jays,New York Yankees,702056,"Yesavage, Trey",677960,"Weathers, Ryan"
823211,2026-06-12,San Francisco Giants,Chicago Cubs,694738,"Roupp, Landen",665871,"Assad, Javier"
823370,2026-06-12,Pittsburgh Pirates,Miami Marlins,677952,"Ashcraft, Braxton",645261,"Alcantara, Sandy"
823617,2026-06-12,New York Mets,Atlanta Braves,690997,"McLean, Nolan",675911,"Strider, Spencer"
823695,2026-06-12,Minnesota Twins,St. Louis Cardinals,657746,"Ryan, Joe",681517,"Leahy, Kyle"
823778,2026-06-12,Milwaukee Brewers,Philadelphia Phillies,694819,"Misiorowski, Jacob",621383,"Banks, Tanner"
824020,2026-06-12,Los Angeles Angels,Tampa Bay Rays,691951,"Aldegheri, Sam",663556,"McClanahan, Shane"
824102,2026-06-12,Kansas City Royals,Houston Astros,679883,"Avila, Luinder",837227,"Imai, Tatsuya"
824425,2026-06-12,Cleveland Guardians,Detroit Tigers,676440,"Bibee, Tanner",656427,"Flaherty, Jack"
824507,2026-06-12,Cincinnati Reds,Arizona Diamondbacks,666157,"Lodolo, Nick",593958,"Rodriguez, Eduardo"
824588,2026-06-12,Chicago White Sox,Los Angeles Dodgers,641743,"Kay, Anthony",808963,"Sasaki, Roki"
824752,2026-06-12,Boston Red Sox,Texas Rangers,543243,"Gray, Sonny",683004,"Leiter, Jack"
824826,2026-06-12,Baltimore Orioles,San Diego Padres,669358,"Baz, Shane",656288,"Canning, Griffin"
824997,2026-06-12,Athletics,Colorado Rockies,695611,"Jump, Gage",807743,"Sullivan, Sean"
822725,2026-06-13,Washington Nationals,Seattle Mariners,676917,"Cavalli, Cade",622491,"Castillo, Luis"
822802,2026-06-13,Toronto Blue Jays,New York Yankees,592332,"Gausman, Kevin",693645,"Schlittler, Cam"
823213,2026-06-13,San Francisco Giants,Chicago Cubs,686790,"McDonald, Trevor",676962,"Brown, Ben"
823369,2026-06-13,Pittsburgh Pirates,Miami Marlins,696149,"Chandler, Bubba",669199,"Bachar, Lake"
823616,2026-06-13,New York Mets,Atlanta Braves,640455,"Manaea, Sean",527048,"Pérez, Martín"
823694,2026-06-13,Minnesota Twins,St. Louis Cardinals,687570,"Prielipp, Connor",669461,"Liberatore, Matthew"
823776,2026-06-13,Milwaukee Brewers,Philadelphia Phillies,675660,"Drohan, Shane",605400,"Nola, Aaron"
824019,2026-06-13,Los Angeles Angels,Tampa Bay Rays,667755,"Soriano, José",643377,"Jax, Griffin"
824100,2026-06-13,Kansas City Royals,Houston Astros,702070,"Cameron, Noah",681347,"Burrows, Mike"
824426,2026-06-13,Cleveland Guardians,Detroit Tigers,676282,"Cantillo, Joey",669373,"Skubal, Tarik"
824508,2026-06-13,Cincinnati Reds,Arizona Diamondbacks,695076,"Lowder, Rhett",647336,"Soroka, Michael"
824587,2026-06-13,Chicago White Sox,Los Angeles Dodgers,680732,"Burke, Sean",808967,"Yamamoto, Yoshinobu"
824749,2026-06-13,Boston Red Sox,Texas Rangers,624133,"Suarez, Ranger",594798,"deGrom, Jacob"
824828,2026-06-13,Baltimore Orioles,San Diego Padres,694346,"Gibson, Trey",681190,"Vásquez, Randy"
824995,2026-06-13,Athletics,Colorado Rockies,683155,"Estes, Joey",607536,"Freeland, Kyle"
822722,2026-06-14,Washington Nationals,Seattle Mariners,676571,"Poulin, PJ",676106,"Hancock, Emerson"
822801,2026-06-14,Toronto Blue Jays,New York Yankees,571578,"Corbin, Patrick",701542,"Warren, Will"
823212,2026-06-14,San Francisco Giants,Chicago Cubs,657277,"Webb, Logan",669020,"Rolison, Ryan"
823368,2026-06-14,Pittsburgh Pirates,Miami Marlins,694973,"Skenes, Paul",676974,"Meyer, Max"
823615,2026-06-14,New York Mets,Atlanta Braves,642547,"Peralta, Freddy",693821,"Elder, Bryce"
823693,2026-06-14,Minnesota Twins,St. Louis Cardinals,671737,"Bradley, Taj",700241,"McGreevy, Michael"
823777,2026-06-14,Milwaukee Brewers,Philadelphia Phillies,690986,"Harrison, Kyle",650911,"Sánchez, Cristopher"
824021,2026-06-14,Los Angeles Angels,Tampa Bay Rays,680570,"Rodriguez, Grayson",668984,"Legumina, Casey"
824099,2026-06-14,Kansas City Royals,Houston Astros,663568,"Kolek, Stephen",681293,"Arrighetti, Spencer"
824506,2026-06-14,Cincinnati Reds,Arizona Diamondbacks,671096,"Abbott, Andrew",668678,"Gallen, Zac"
824586,2026-06-14,Chicago White Sox,Los Angeles Dodgers,663542,"Hudson, Bryan",686218,"Sheehan, Emmet"
824751,2026-06-14,Boston Red Sox,Texas Rangers,813349,"Early, Connelly",543135,"Eovaldi, Nathan"
824823,2026-06-14,Baltimore Orioles,San Diego Padres,669432,"Rogers, Trevor",621111,"Buehler, Walker"
824994,2026-06-14,Athletics,Colorado Rockies,605488,"Springs, Jeffrey",608372,"Sugano, Tomoyuki"
822724,2026-06-15,Washington Nationals,Kansas City Royals,674841,"Alvarez, Andrew",687765,"Spence, Mitch"
822887,2026-06-15,Texas Rangers,Minnesota Twins,669022,"Gore, MacKenzie",702474,"Paredes, Mike"
823046,2026-06-15,St. Louis Cardinals,San Diego Padres,669160,"May, Dustin",593974,"Peralta, Wandy"
823452,2026-06-15,Philadelphia Phillies,Miami Marlins,554430,"Wheeler, Zack",687473,"Gusto, Ryan"
823938,2026-06-15,Los Angeles Dodgers,Tampa Bay Rays,641778,"Lauer, Eric",607259,"Martinez, Nick"
824181,2026-06-15,Houston Astros,Detroit Tigers,678906,"Teng, Kai-Wei",623454,"Anderson, Drew"
824505,2026-06-15,Cincinnati Reds,New York Mets,695505,"Burns, Chase",668964,"Myers, Tobias"
824666,2026-06-15,Chicago Cubs,Colorado Rockies,684007,"Imanaga, Shota",547179,"Lorenzen, Michael"
824993,2026-06-15,Athletics,Pittsburgh Pirates,669372,"Ginn, J.T.",683003,"Jones, Jared"
825071,2026-06-15,Arizona Diamondbacks,Los Angeles Angels,669194,"Nelson, Ryne",700712,"Ureña, Walbert"
822723,2026-06-16,Washington Nationals,Kansas City Royals,656492,"Griffin, Foster",608379,"Wacha, Michael"
822888,2026-06-16,Texas Rangers,Minnesota Twins,677958,"Rocker, Kumar",805673,"Matthews, Zebby"
823045,2026-06-16,St. Louis Cardinals,San Diego Padres,669467,"Pallante, Andre",650633,"King, Michael"
823128,2026-06-16,Seattle Mariners,Baltimore Orioles,669302,"Gilbert, Logan",687064,"Young, Brandon"
823451,2026-06-16,Philadelphia Phillies,Miami Marlins,666200,"Luzardo, Jesús",663969,"Phillips, Tyler"
823535,2026-06-16,New York Yankees,Chicago White Sox,543037,"Cole, Gerrit",663436,"Martin, Davis"
823775,2026-06-16,Milwaukee Brewers,Cleveland Guardians,688107,"Gasser, Robert",677944,"Cecconi, Slade"
823939,2026-06-16,Los Angeles Dodgers,Tampa Bay Rays,680736,"Wrobleski, Justin",656876,"Rasmussen, Drew"
824182,2026-06-16,Houston Astros,Detroit Tigers,686613,"Brown, Hunter",664285,"Valdez, Framber"
824504,2026-06-16,Cincinnati Reds,New York Mets,663903,"Singer, Brady",673540,"Senga, Kodai"
824667,2026-06-16,Chicago Cubs,Colorado Rockies,665795,"Cabrera, Edward",663372,"Feltner, Ryan"
824750,2026-06-16,Boston Red Sox,Toronto Blue Jays,801139,"Tolle, Payton",656302,"Cease, Dylan"
824912,2026-06-16,Atlanta Braves,San Francisco Giants,656550,"Holmes, Grant",605288,"Houser, Adrian"
824991,2026-06-16,Athletics,Pittsburgh Pirates,678022,"Perkins, Jack",656605,"Keller, Mitch"
825070,2026-06-16,Arizona Diamondbacks,Los Angeles Angels,518876,"Kelly, Merrill",672282,"Detmers, Reid"
822721,2026-06-17,Washington Nationals,Kansas City Royals,641793,"Littell, Zack",679883,"Avila, Luinder"
823044,2026-06-17,St. Louis Cardinals,San Diego Padres,681517,"Leahy, Kyle",699134,"Rodriguez, Bradgley"
823127,2026-06-17,Seattle Mariners,Baltimore Orioles,669923,"Kirby, George",680694,"Bradish, Kyle"
823450,2026-06-17,Philadelphia Phillies,Miami Marlins,691725,"Painter, Andrew",645261,"Alcantara, Sandy"
823536,2026-06-17,New York Yankees,Chicago White Sox,607074,"Rodón, Carlos",641743,"Kay, Anthony"
823774,2026-06-17,Milwaukee Brewers,Cleveland Guardians,687075,"Sproat, Brandon",668909,"Williams, Gavin"
823940,2026-06-17,Los Angeles Dodgers,Tampa Bay Rays,660271,"Ohtani, Shohei",663556,"McClanahan, Shane"
824178,2026-06-17,Houston Astros,Detroit Tigers,663567,"Lambert, Peter",663554,"Mize, Casey"
824503,2026-06-17,Cincinnati Reds,New York Mets,666157,"Lodolo, Nick",690997,"McLean, Nolan"
824668,2026-06-17,Chicago Cubs,Colorado Rockies,665871,"Assad, Javier",807743,"Sullivan, Sean"
824746,2026-06-17,Boston Red Sox,Toronto Blue Jays,687562,"Bennett, Jake",680755,"Fisher, Braydon"
824913,2026-06-17,Atlanta Braves,San Francisco Giants,702275,"Ritchie, JR",687931,"Whisenhunt, Carson"
824992,2026-06-17,Athletics,Pittsburgh Pirates,650644,"Civale, Aaron",677952,"Ashcraft, Braxton"
825072,2026-06-17,Arizona Diamondbacks,Los Angeles Angels,593958,"Rodriguez, Eduardo",691951,"Aldegheri, Sam"
822889,2026-06-18,Texas Rangers,Minnesota Twins,683004,"Leiter, Jack",657746,"Ryan, Joe"
823125,2026-06-18,Seattle Mariners,Baltimore Orioles,693433,"Woo, Bryan",669358,"Baz, Shane"
823448,2026-06-18,Philadelphia Phillies,New York Mets,605400,"Nola, Aaron",640455,"Manaea, Sean"
823533,2026-06-18,New York Yankees,Chicago White Sox,677960,"Weathers, Ryan",663542,"Hudson, Bryan"
823772,2026-06-18,Milwaukee Brewers,Cleveland Guardians,675660,"Drohan, Shane",800048,"Messick, Parker"
824098,2026-06-18,Kansas City Royals,St. Louis Cardinals,702070,"Cameron, Noah",669461,"Liberatore, Matthew"
824748,2026-06-18,Boston Red Sox,Toronto Blue Jays,543243,"Gray, Sonny",702056,"Yesavage, Trey"
824989,2026-06-18,Athletics,Los Angeles Angels,695611,"Jump, Gage",696270,"Johnson, Ryan"
822886,2026-06-19,Texas Rangers,San Diego Padres,594798,"deGrom, Jacob",681190,"Vásquez, Randy"
822966,2026-06-19,Tampa Bay Rays,Washington Nationals,643377,"Jax, Griffin",676571,"Poulin, PJ"
823124,2026-06-19,Seattle Mariners,Boston Red Sox,682243,"Miller, Bryce",624133,"Suarez, Ranger"
823534,2026-06-19,New York Yankees,Cincinnati Reds,693645,"Schlittler, Cam",695076,"Lowder, Rhett"
823853,2026-06-19,Miami Marlins,San Francisco Giants,669199,"Bachar, Lake",694738,"Roupp, Landen"
823936,2026-06-19,Los Angeles Dodgers,Baltimore Orioles,808963,"Sasaki, Roki",694346,"Gibson, Trey"
824097,2026-06-19,Kansas City Royals,St. Louis Cardinals,607625,"Lugo, Seth",700241,"McGreevy, Michael"
824179,2026-06-19,Houston Astros,Cleveland Guardians,837227,"Imai, Tatsuya",676440,"Bibee, Tanner"
824264,2026-06-19,Detroit Tigers,Chicago White Sox,669373,"Skubal, Tarik",685126,"Eisert, Brandon"
824345,2026-06-19,Colorado Rockies,Pittsburgh Pirates,607536,"Freeland, Kyle",696149,"Chandler, Bubba"
824663,2026-06-19,Chicago Cubs,Toronto Blue Jays,676962,"Brown, Ben",592332,"Gausman, Kevin"
824910,2026-06-19,Atlanta Braves,Milwaukee Brewers,527048,"Pérez, Martín",694819,"Misiorowski, Jacob"
824990,2026-06-19,Athletics,Los Angeles Angels,605488,"Springs, Jeffrey",667755,"Soriano, José"
825069,2026-06-19,Arizona Diamondbacks,Minnesota Twins,647336,"Soroka, Michael",687570,"Prielipp, Connor"
822885,2026-06-20,Texas Rangers,San Diego Padres,669022,"Gore, MacKenzie",621111,"Buehler, Walker"
822967,2026-06-20,Tampa Bay Rays,Washington Nationals,693855,"Seymour, Ian",676917,"Cavalli, Cade"
823126,2026-06-20,Seattle Mariners,Boston Red Sox,676106,"Hancock, Emerson",813349,"Early, Connelly"
823447,2026-06-20,Philadelphia Phillies,New York Mets,650911,"Sánchez, Cristopher",642547,"Peralta, Freddy"
823532,2026-06-20,New York Yankees,Cincinnati Reds,701542,"Warren, Will",671096,"Abbott, Andrew"
823854,2026-06-20,Miami Marlins,San Francisco Giants,676974,"Meyer, Max",686790,"McDonald, Trevor"
823937,2026-06-20,Los Angeles Dodgers,Baltimore Orioles,808967,"Yamamoto, Yoshinobu",669432,"Rogers, Trevor"
824180,2026-06-20,Houston Astros,Cleveland Guardians,681293,"Arrighetti, Spencer",676282,"Cantillo, Joey"
824263,2026-06-20,Detroit Tigers,Chicago White Sox,675512,"Melton, Troy",656794,"Newcomb, Sean"
824342,2026-06-20,Colorado Rockies,Pittsburgh Pirates,608372,"Sugano, Tomoyuki",694973,"Skenes, Paul"
824665,2026-06-20,Chicago Cubs,Toronto Blue Jays,607067,"Rea, Colin",571578,"Corbin, Patrick"
824909,2026-06-20,Atlanta Braves,Milwaukee Brewers,519242,"Sale, Chris",690986,"Harrison, Kyle"
824988,2026-06-20,Athletics,Los Angeles Angels,669372,"Ginn, J.T.",700712,"Ureña, Walbert"
825068,2026-06-20,Arizona Diamondbacks,Minnesota Twins,668678,"Gallen, Zac",671737,"Bradley, Taj"
822883,2026-06-21,Texas Rangers,San Diego Padres,543135,"Eovaldi, Nathan",593974,"Peralta, Wandy"
822968,2026-06-21,Tampa Bay Rays,Washington Nationals,607259,"Martinez, Nick",674841,"Alvarez, Andrew"
823123,2026-06-21,Seattle Mariners,Boston Red Sox,669302,"Gilbert, Logan",801139,"Tolle, Payton"
823449,2026-06-21,Philadelphia Phillies,New York Mets,554430,"Wheeler, Zack",656849,"Peterson, David"
823531,2026-06-21,New York Yankees,Cincinnati Reds,695684,"Rodríguez, Elmer",695505,"Burns, Chase"
823852,2026-06-21,Miami Marlins,San Francisco Giants,687473,"Gusto, Ryan",657277,"Webb, Logan"
823934,2026-06-21,Los Angeles Dodgers,Baltimore Orioles,686218,"Sheehan, Emmet",687064,"Young, Brandon"
824095,2026-06-21,Kansas City Royals,St. Louis Cardinals,663568,"Kolek, Stephen",669160,"May, Dustin"
824177,2026-06-21,Houston Astros,Cleveland Guardians,678906,"Teng, Kai-Wei",677944,"Cecconi, Slade"
824260,2026-06-21,Detroit Tigers,Chicago White Sox,672456,"Montero, Keider",663436,"Martin, Davis"
824343,2026-06-21,Colorado Rockies,Pittsburgh Pirates,547179,"Lorenzen, Michael",683003,"Jones, Jared"
824908,2026-06-21,Atlanta Braves,Milwaukee Brewers,693821,"Elder, Bryce",688107,"Gasser, Robert"
824987,2026-06-21,Athletics,Los Angeles Angels,678022,"Perkins, Jack",672282,"Detmers, Reid"
825067,2026-06-21,Arizona Diamondbacks,Minnesota Twins,703615,"Cabrera, Jose",702474,"Paredes, Mike"
822720,2026-06-22,Washington Nationals,Philadelphia Phillies,656492,"Griffin, Foster",641835,"Mayza, Tim"
822800,2026-06-22,Toronto Blue Jays,Houston Astros,656302,"Cease, Dylan",686613,"Brown, Hunter"
822964,2026-06-22,Tampa Bay Rays,Kansas City Royals,656876,"Rasmussen, Drew",608379,"Wacha, Michael"
823040,2026-06-22,St. Louis Cardinals,Arizona Diamondbacks,669467,"Pallante, Andre",518876,"Kelly, Merrill"
823288,2026-06-22,San Diego Padres,Atlanta Braves,650633,"King, Michael",656550,"Holmes, Grant"
823692,2026-06-22,Minnesota Twins,Los Angeles Dodgers,805673,"Matthews, Zebby",694361,"Klein, Will"
823851,2026-06-22,Miami Marlins,Texas Rangers,663969,"Phillips, Tyler",641302,"Alexander, Tyler"
824016,2026-06-22,Los Angeles Angels,Baltimore Orioles,691951,"Aldegheri, Sam",680694,"Bradish, Kyle"
824261,2026-06-22,Detroit Tigers,New York Yankees,664285,"Valdez, Framber",543037,"Cole, Gerrit"
824344,2026-06-22,Colorado Rockies,Boston Red Sox,663372,"Feltner, Ryan",687562,"Bennett, Jake"
824502,2026-06-22,Cincinnati Reds,Milwaukee Brewers,663903,"Singer, Brady",605540,"Woodruff, Brandon"
824585,2026-06-22,Chicago White Sox,Cleveland Guardians,641743,"Kay, Anthony",668909,"Williams, Gavin"
822718,2026-06-23,Washington Nationals,Philadelphia Phillies,676571,"Poulin, PJ",666200,"Luzardo, Jesús"
822799,2026-06-23,Toronto Blue Jays,Houston Astros,669456,"Bieber, Shane",663567,"Lambert, Peter"
822963,2026-06-23,Tampa Bay Rays,Kansas City Royals,663556,"McClanahan, Shane",679883,"Avila, Luinder"
823043,2026-06-23,St. Louis Cardinals,Arizona Diamondbacks,681517,"Leahy, Kyle",593958,"Rodriguez, Eduardo"
823210,2026-06-23,San Francisco Giants,Athletics,592662,"Ray, Robbie",650644,"Civale, Aaron"
823286,2026-06-23,San Diego Padres,Atlanta Braves,593974,"Peralta, Wandy",702275,"Ritchie, JR"
823365,2026-06-23,Pittsburgh Pirates,Seattle Mariners,656605,"Keller, Mitch",669923,"Kirby, George"
823614,2026-06-23,New York Mets,Chicago Cubs,673540,"Senga, Kodai",665795,"Cabrera, Edward"
823690,2026-06-23,Minnesota Twins,Los Angeles Dodgers,696070,"Rojas, Kendry",680736,"Wrobleski, Justin"
823849,2026-06-23,Miami Marlins,Texas Rangers,645261,"Alcantara, Sandy",615698,"Quantrill, Cal"
824017,2026-06-23,Los Angeles Angels,Baltimore Orioles,696270,"Johnson, Ryan",669358,"Baz, Shane"
824262,2026-06-23,Detroit Tigers,New York Yankees,663554,"Mize, Casey",607074,"Rodón, Carlos"
824340,2026-06-23,Colorado Rockies,Boston Red Sox,807743,"Sullivan, Sean",543243,"Gray, Sonny"
824501,2026-06-23,Cincinnati Reds,Milwaukee Brewers,666157,"Lodolo, Nick",687075,"Sproat, Brandon"
824584,2026-06-23,Chicago White Sox,Cleveland Guardians,680732,"Burke, Sean",800048,"Messick, Parker"
822719,2026-06-24,Washington Nationals,Philadelphia Phillies,687223,"Palmquist, Carson",605400,"Nola, Aaron"
822798,2026-06-24,Toronto Blue Jays,Houston Astros,702056,"Yesavage, Trey",681347,"Burrows, Mike"
822965,2026-06-24,Tampa Bay Rays,Kansas City Royals,643377,"Jax, Griffin",702070,"Cameron, Noah"
823041,2026-06-24,St. Louis Cardinals,Arizona Diamondbacks,669461,"Liberatore, Matthew",683352,"Bratt, Mitch"
823208,2026-06-24,San Francisco Giants,Athletics,641816,"Mahle, Tyler",695611,"Jump, Gage"
823284,2026-06-24,San Diego Padres,Atlanta Braves,676664,"Sears, JP",527048,"Pérez, Martín"
823367,2026-06-24,Pittsburgh Pirates,Seattle Mariners,677952,"Ashcraft, Braxton",693433,"Woo, Bryan"
823611,2026-06-24,New York Mets,Chicago Cubs,640455,"Manaea, Sean",684007,"Imanaga, Shota"
823613,2026-06-24,New York Mets,Chicago Cubs,690997,"McLean, Nolan",665871,"Assad, Javier"
823691,2026-06-24,Minnesota Twins,Los Angeles Dodgers,657746,"Ryan, Joe",660271,"Ohtani, Shohei"
823850,2026-06-24,Miami Marlins,Texas Rangers,691587,"Pérez, Eury",594798,"deGrom, Jacob"
824018,2026-06-24,Los Angeles Angels,Baltimore Orioles,667755,"Soriano, José",694346,"Gibson, Trey"
824259,2026-06-24,Detroit Tigers,New York Yankees,669373,"Skubal, Tarik",677960,"Weathers, Ryan"
824341,2026-06-24,Colorado Rockies,Boston Red Sox,607536,"Freeland, Kyle",624133,"Suarez, Ranger"
824500,2026-06-24,Cincinnati Reds,Milwaukee Brewers,695076,"Lowder, Rhett",675660,"Drohan, Shane"
824583,2026-06-24,Chicago White Sox,Cleveland Guardians,669684,"Murphy, Chris",676440,"Bibee, Tanner"
822717,2026-06-25,Washington Nationals,Philadelphia Phillies,676917,"Cavalli, Cade",650911,"Sánchez, Cristopher"
822797,2026-06-25,Toronto Blue Jays,Texas Rangers,592332,"Gausman, Kevin",669022,"Gore, MacKenzie"
822961,2026-06-25,Tampa Bay Rays,Kansas City Royals,668984,"Legumina, Casey",607625,"Lugo, Seth"
823209,2026-06-25,San Francisco Giants,Athletics,694738,"Roupp, Landen",605488,"Springs, Jeffrey"
823366,2026-06-25,Pittsburgh Pirates,Seattle Mariners,696149,"Chandler, Bubba",682243,"Miller, Bryce"
823612,2026-06-25,New York Mets,Chicago Cubs,642547,"Peralta, Freddy",571510,"Boyd, Matthew"
824258,2026-06-25,Detroit Tigers,Houston Astros,675512,"Melton, Troy",837227,"Imai, Tatsuya"
824747,2026-06-25,Boston Red Sox,New York Yankees,813349,"Early, Connelly",693645,"Schlittler, Cam"
822796,2026-06-26,Toronto Blue Jays,Texas Rangers,571578,"Corbin, Patrick",543135,"Eovaldi, Nathan"
822962,2026-06-26,Tampa Bay Rays,Arizona Diamondbacks,607259,"Martinez, Nick",668678,"Gallen, Zac"
823039,2026-06-26,St. Louis Cardinals,Miami Marlins,700241,"McGreevy, Michael",676974,"Meyer, Max"
823206,2026-06-26,San Francisco Giants,Atlanta Braves,686790,"McDonald, Trevor",625643,"López, Reynaldo"
823285,2026-06-26,San Diego Padres,Los Angeles Dodgers,621111,"Buehler, Walker",808963,"Sasaki, Roki"
823363,2026-06-26,Pittsburgh Pirates,Cincinnati Reds,694973,"Skenes, Paul",671096,"Abbott, Andrew"
823610,2026-06-26,New York Mets,Philadelphia Phillies,804267,"Thornton, Zac",554430,"Wheeler, Zack"
823688,2026-06-26,Minnesota Twins,Colorado Rockies,671737,"Bradley, Taj",608372,"Sugano, Tomoyuki"
823773,2026-06-26,Milwaukee Brewers,Chicago Cubs,694819,"Misiorowski, Jacob",607067,"Rea, Colin"
824014,2026-06-26,Los Angeles Angels,Athletics,700712,"Ureña, Walbert",669372,"Ginn, J.T."
824255,2026-06-26,Detroit Tigers,Houston Astros,672456,"Montero, Keider",681293,"Arrighetti, Spencer"
824423,2026-06-26,Cleveland Guardians,Seattle Mariners,676282,"Cantillo, Joey",622491,"Castillo, Luis"
824582,2026-06-26,Chicago White Sox,Kansas City Royals,689818,"Sandlin, David",674444,"Cruz, Steven"
824743,2026-06-26,Boston Red Sox,New York Yankees,801139,"Tolle, Payton",701542,"Warren, Will"
824824,2026-06-26,Baltimore Orioles,Washington Nationals,669432,"Rogers, Trevor",674841,"Alvarez, Andrew"
822794,2026-06-27,Toronto Blue Jays,Texas Rangers,656302,"Cease, Dylan",615698,"Quantrill, Cal"
822960,2026-06-27,Tampa Bay Rays,Arizona Diamondbacks,642121,"Sulser, Cole",703615,"Cabrera, Jose"
823038,2026-06-27,St. Louis Cardinals,Miami Marlins,669467,"Pallante, Andre",687473,"Gusto, Ryan"
823207,2026-06-27,San Francisco Giants,Atlanta Braves,657277,"Webb, Logan",693821,"Elder, Bryce"
823283,2026-06-27,San Diego Padres,Los Angeles Dodgers,606996,"Hart, Kyle",808967,"Yamamoto, Yoshinobu"
823364,2026-06-27,Pittsburgh Pirates,Cincinnati Reds,683003,"Jones, Jared",695505,"Burns, Chase"
823609,2026-06-27,New York Mets,Philadelphia Phillies,681035,"Scott, Christian",641835,"Mayza, Tim"
823689,2026-06-27,Minnesota Twins,Colorado Rockies,702474,"Paredes, Mike",547179,"Lorenzen, Michael"
823770,2026-06-27,Milwaukee Brewers,Chicago Cubs,690986,"Harrison, Kyle",656849,"Peterson, David"
824015,2026-06-27,Los Angeles Angels,Athletics,672282,"Detmers, Reid",678022,"Perkins, Jack"
824257,2026-06-27,Detroit Tigers,Houston Astros,664285,"Valdez, Framber",678906,"Teng, Kai-Wei"
824421,2026-06-27,Cleveland Guardians,Seattle Mariners,677944,"Cecconi, Slade",669302,"Gilbert, Logan"
824581,2026-06-27,Chicago White Sox,Kansas City Royals,663436,"Martin, Davis",608379,"Wacha, Michael"
824745,2026-06-27,Boston Red Sox,New York Yankees,687562,"Bennett, Jake",543037,"Cole, Gerrit"
824825,2026-06-27,Baltimore Orioles,Washington Nationals,687064,"Young, Brandon",656492,"Griffin, Foster"
822795,2026-06-28,Toronto Blue Jays,Texas Rangers,669456,"Bieber, Shane",677958,"Rocker, Kumar"
822959,2026-06-28,Tampa Bay Rays,Arizona Diamondbacks,656876,"Rasmussen, Drew",518876,"Kelly, Merrill"
823037,2026-06-28,St. Louis Cardinals,Miami Marlins,681517,"Leahy, Kyle",663969,"Phillips, Tyler"
823204,2026-06-28,San Francisco Giants,Atlanta Braves,592662,"Ray, Robbie",519242,"Sale, Chris"
823281,2026-06-28,San Diego Padres,Los Angeles Dodgers,650633,"King, Michael",686218,"Sheehan, Emmet"
823362,2026-06-28,Pittsburgh Pirates,Cincinnati Reds,656605,"Keller, Mitch",663903,"Singer, Brady"
823608,2026-06-28,New York Mets,Philadelphia Phillies,672335,"Pérez, Cionel",666200,"Luzardo, Jesús"
823686,2026-06-28,Minnesota Twins,Colorado Rockies,687570,"Prielipp, Connor",663372,"Feltner, Ryan"
823769,2026-06-28,Milwaukee Brewers,Chicago Cubs,605540,"Woodruff, Brandon",669020,"Rolison, Ryan"
824011,2026-06-28,Los Angeles Angels,Athletics,691951,"Aldegheri, Sam",650644,"Civale, Aaron"
824256,2026-06-28,Detroit Tigers,Houston Astros,656427,"Flaherty, Jack",686613,"Brown, Hunter"
824422,2026-06-28,Cleveland Guardians,Seattle Mariners,668909,"Williams, Gavin",676106,"Hancock, Emerson"
824580,2026-06-28,Chicago White Sox,Kansas City Royals,641743,"Kay, Anthony",679883,"Avila, Luinder"
824744,2026-06-28,Boston Red Sox,New York Yankees,543243,"Gray, Sonny",607074,"Rodón, Carlos"
824821,2026-06-28,Baltimore Orioles,Washington Nationals,680694,"Bradish, Kyle",641793,"Littell, Zack"
822792,2026-06-29,Toronto Blue Jays,New York Mets,702056,"Yesavage, Trey",640455,"Manaea, Sean"
823121,2026-06-29,Seattle Mariners,Los Angeles Angels,669923,"Kirby, George",696270,"Johnson, Ryan"
823444,2026-06-29,Philadelphia Phillies,Pittsburgh Pirates,605400,"Nola, Aaron",677952,"Ashcraft, Braxton"
823529,2026-06-29,New York Yankees,Detroit Tigers,677960,"Weathers, Ryan",663554,"Mize, Casey"
823771,2026-06-29,Milwaukee Brewers,Cincinnati Reds,688107,"Gasser, Robert",666157,"Lodolo, Nick"
824176,2026-06-29,Houston Astros,Minnesota Twins,663567,"Lambert, Peter",805673,"Matthews, Zebby"
824339,2026-06-29,Colorado Rockies,Miami Marlins,807743,"Sullivan, Sean",645261,"Alcantara, Sandy"
824420,2026-06-29,Cleveland Guardians,Texas Rangers,800048,"Messick, Parker",641302,"Alexander, Tyler"
824662,2026-06-29,Chicago Cubs,San Diego Padres,684007,"Imanaga, Shota",656288,"Canning, Griffin"
824741,2026-06-29,Boston Red Sox,Washington Nationals,624133,"Suarez, Ranger",571945,"Mikolas, Miles"
824822,2026-06-29,Baltimore Orioles,Chicago White Sox,669358,"Baz, Shane",680732,"Burke, Sean"
824986,2026-06-29,Athletics,Los Angeles Dodgers,695611,"Jump, Gage",641778,"Lauer, Eric"
825065,2026-06-29,Arizona Diamondbacks,San Francisco Giants,593958,"Rodriguez, Eduardo",641816,"Mahle, Tyler"
822793,2026-06-30,Toronto Blue Jays,New York Mets,592332,"Gausman, Kevin",690997,"McLean, Nolan"
823122,2026-06-30,Seattle Mariners,Los Angeles Angels,693433,"Woo, Bryan",667755,"Soriano, José"
823445,2026-06-30,Philadelphia Phillies,Pittsburgh Pirates,650911,"Sánchez, Cristopher",696149,"Chandler, Bubba"
823528,2026-06-30,New York Yankees,Detroit Tigers,693645,"Schlittler, Cam",669373,"Skubal, Tarik"
823768,2026-06-30,Milwaukee Brewers,Cincinnati Reds,687075,"Sproat, Brandon",695076,"Lowder, Rhett"
824096,2026-06-30,Kansas City Royals,Tampa Bay Rays,702070,"Cameron, Noah",643377,"Jax, Griffin"
824175,2026-06-30,Houston Astros,Minnesota Twins,681347,"Burrows, Mike",657746,"Ryan, Joe"
824338,2026-06-30,Colorado Rockies,Miami Marlins,685299,"Gordon, Tanner",691587,"Pérez, Eury"
824418,2026-06-30,Cleveland Guardians,Texas Rangers,676440,"Bibee, Tanner",594798,"deGrom, Jacob"
824661,2026-06-30,Chicago Cubs,San Diego Padres,571510,"Boyd, Matthew",676664,"Sears, JP"
824742,2026-06-30,Boston Red Sox,Washington Nationals,813349,"Early, Connelly",676917,"Cavalli, Cade"
824819,2026-06-30,Baltimore Orioles,Chicago White Sox,694346,"Gibson, Trey",607200,"Fedde, Erick"
824907,2026-06-30,Atlanta Braves,St. Louis Cardinals,527048,"Pérez, Martín",669461,"Liberatore, Matthew"
824984,2026-06-30,Athletics,Los Angeles Dodgers,605488,"Springs, Jeffrey",680736,"Wrobleski, Justin"
825066,2026-06-30,Arizona Diamondbacks,San Francisco Giants,694297,"Pfaadt, Brandon",694738,"Roupp, Landen"
822791,2026-07-01,Toronto Blue Jays,New York Mets,680755,"Fisher, Braydon",642547,"Peralta, Freddy"
823446,2026-07-01,Philadelphia Phillies,Pittsburgh Pirates,554430,"Wheeler, Zack",694973,"Skenes, Paul"
823530,2026-07-01,New York Yankees,Detroit Tigers,701542,"Warren, Will",675512,"Melton, Troy"
823767,2026-07-01,Milwaukee Brewers,Cincinnati Reds,675660,"Drohan, Shane",671096,"Abbott, Andrew"
824094,2026-07-01,Kansas City Royals,Tampa Bay Rays,607625,"Lugo, Seth",663556,"McClanahan, Shane"
824174,2026-07-01,Houston Astros,Minnesota Twins,837227,"Imai, Tatsuya",671737,"Bradley, Taj"
824337,2026-07-01,Colorado Rockies,Miami Marlins,607536,"Freeland, Kyle",676974,"Meyer, Max"
824419,2026-07-01,Cleveland Guardians,Texas Rangers,676282,"Cantillo, Joey",669022,"Gore, MacKenzie"
824660,2026-07-01,Chicago Cubs,San Diego Padres,607067,"Rea, Colin",621111,"Buehler, Walker"
824740,2026-07-01,Boston Red Sox,Washington Nationals,801139,"Tolle, Payton",695418,"Lord, Brad"
824818,2026-07-01,Baltimore Orioles,Chicago White Sox,665152,"Kremer, Dean",702273,"Schultz, Noah"
824905,2026-07-01,Atlanta Braves,St. Louis Cardinals,625643,"López, Reynaldo",700241,"McGreevy, Michael"
824985,2026-07-01,Athletics,Los Angeles Dodgers,669372,"Ginn, J.T.",676263,"Dreyer, Jack"
825064,2026-07-01,Arizona Diamondbacks,San Francisco Giants,668678,"Gallen, Zac",686790,"McDonald, Trevor"
822884,2026-07-02,Texas Rangers,Detroit Tigers,543135,"Eovaldi, Nathan",664285,"Valdez, Framber"
823119,2026-07-02,Seattle Mariners,Los Angeles Angels,682243,"Miller, Bryce",700712,"Ureña, Walbert"
823442,2026-07-02,Philadelphia Phillies,Pittsburgh Pirates,660604,"Rangel, Alan",683003,"Jones, Jared"
823765,2026-07-02,Milwaukee Brewers,Cincinnati Reds,694819,"Misiorowski, Jacob",695505,"Burns, Chase"
823935,2026-07-02,Los Angeles Dodgers,San Diego Padres,808963,"Sasaki, Roki",681190,"Vásquez, Randy"
824093,2026-07-02,Kansas City Royals,Tampa Bay Rays,663568,"Kolek, Stephen",693855,"Seymour, Ian"
824335,2026-07-02,Colorado Rockies,Miami Marlins,547179,"Lorenzen, Michael",687473,"Gusto, Ryan"
824416,2026-07-02,Cleveland Guardians,Chicago White Sox,677944,"Cecconi, Slade",663436,"Martin, Davis"
824906,2026-07-02,Atlanta Braves,St. Louis Cardinals,694462,"Waldrep, Hurston",669160,"May, Dustin"
822714,2026-07-03,Washington Nationals,Pittsburgh Pirates,656492,"Griffin, Foster",656605,"Keller, Mitch"
823120,2026-07-03,Seattle Mariners,Toronto Blue Jays,622491,"Castillo, Luis",656302,"Cease, Dylan"
823527,2026-07-03,New York Yankees,Minnesota Twins,543037,"Cole, Gerrit",702474,"Paredes, Mike"
823933,2026-07-03,Los Angeles Dodgers,San Diego Padres,660271,"Ohtani, Shohei",650633,"King, Michael"
824013,2026-07-03,Los Angeles Angels,Boston Red Sox,672282,"Detmers, Reid",687562,"Bennett, Jake"
824173,2026-07-03,Houston Astros,Tampa Bay Rays,681293,"Arrighetti, Spencer",607259,"Martinez, Nick"
824336,2026-07-03,Colorado Rockies,San Francisco Giants,663372,"Feltner, Ryan",657277,"Webb, Logan"
824417,2026-07-03,Cleveland Guardians,Chicago White Sox,668909,"Williams, Gavin",641743,"Kay, Anthony"
824498,2026-07-03,Cincinnati Reds,Baltimore Orioles,663903,"Singer, Brady",669432,"Rogers, Trevor"
824659,2026-07-03,Chicago Cubs,St. Louis Cardinals,656849,"Peterson, David",669467,"Pallante, Andre"
824904,2026-07-03,Atlanta Braves,New York Mets,656550,"Holmes, Grant",681035,"Scott, Christian"
824982,2026-07-03,Athletics,Miami Marlins,678022,"Perkins, Jack",663969,"Phillips, Tyler"
825062,2026-07-03,Arizona Diamondbacks,Milwaukee Brewers,703615,"Cabrera, Jose",690986,"Harrison, Kyle"
822716,2026-07-04,Washington Nationals,Pittsburgh Pirates,687223,"Palmquist, Carson",677952,"Ashcraft, Braxton"
822882,2026-07-04,Texas Rangers,Detroit Tigers,615698,"Quantrill, Cal",656427,"Flaherty, Jack"
823118,2026-07-04,Seattle Mariners,Toronto Blue Jays,669302,"Gilbert, Logan",669456,"Bieber, Shane"
823526,2026-07-04,New York Yankees,Minnesota Twins,694341,"Beck, Brendan",805673,"Matthews, Zebby"
823932,2026-07-04,Los Angeles Dodgers,San Diego Padres,808967,"Yamamoto, Yoshinobu",593974,"Peralta, Wandy"
824012,2026-07-04,Los Angeles Angels,Boston Red Sox,691951,"Aldegheri, Sam",543243,"Gray, Sonny"
824092,2026-07-04,Kansas City Royals,Philadelphia Phillies,608379,"Wacha, Michael",666200,"Luzardo, Jesús"
824171,2026-07-04,Houston Astros,Tampa Bay Rays,686613,"Brown, Hunter",656876,"Rasmussen, Drew"
824334,2026-07-04,Colorado Rockies,San Francisco Giants,807743,"Sullivan, Sean",592662,"Ray, Robbie"
824415,2026-07-04,Cleveland Guardians,Chicago White Sox,800048,"Messick, Parker",680732,"Burke, Sean"
824499,2026-07-04,Cincinnati Reds,Baltimore Orioles,668881,"Greene, Hunter",687064,"Young, Brandon"
824658,2026-07-04,Chicago Cubs,St. Louis Cardinals,684007,"Imanaga, Shota",681517,"Leahy, Kyle"
824903,2026-07-04,Atlanta Braves,New York Mets,519242,"Sale, Chris",640455,"Manaea, Sean"
824983,2026-07-04,Athletics,Miami Marlins,650644,"Civale, Aaron",645261,"Alcantara, Sandy"
825063,2026-07-04,Arizona Diamondbacks,Milwaukee Brewers,518876,"Kelly, Merrill",605540,"Woodruff, Brandon"
822715,2026-07-05,Washington Nationals,Pittsburgh Pirates,676917,"Cavalli, Cade",696149,"Chandler, Bubba"
822879,2026-07-05,Texas Rangers,Detroit Tigers,677958,"Rocker, Kumar",663554,"Mize, Casey"
823117,2026-07-05,Seattle Mariners,Toronto Blue Jays,676106,"Hancock, Emerson",702056,"Yesavage, Trey"
823525,2026-07-05,New York Yankees,Minnesota Twins,677960,"Weathers, Ryan",657746,"Ryan, Joe"
823931,2026-07-05,Los Angeles Dodgers,San Diego Padres,686218,"Sheehan, Emmet",676664,"Sears, JP"
824010,2026-07-05,Los Angeles Angels,Boston Red Sox,696270,"Johnson, Ryan",624133,"Suarez, Ranger"
824091,2026-07-05,Kansas City Royals,Philadelphia Phillies,679883,"Avila, Luinder",605400,"Nola, Aaron"
824172,2026-07-05,Houston Astros,Tampa Bay Rays,663567,"Lambert, Peter",669438,"Englert, Mason"
824333,2026-07-05,Colorado Rockies,San Francisco Giants,685299,"Gordon, Tanner",641816,"Mahle, Tyler"
824413,2026-07-05,Cleveland Guardians,Chicago White Sox,676440,"Bibee, Tanner",669684,"Murphy, Chris"
824497,2026-07-05,Cincinnati Reds,Baltimore Orioles,666157,"Lodolo, Nick",680694,"Bradish, Kyle"
824656,2026-07-05,Chicago Cubs,St. Louis Cardinals,665871,"Assad, Javier",669461,"Liberatore, Matthew"
824902,2026-07-05,Atlanta Braves,New York Mets,527048,"Pérez, Martín",690997,"McLean, Nolan"
824980,2026-07-05,Athletics,Miami Marlins,695611,"Jump, Gage",691587,"Pérez, Eury"
825061,2026-07-05,Arizona Diamondbacks,Milwaukee Brewers,593958,"Rodriguez, Eduardo",687075,"Sproat, Brandon"
822712,2026-07-06,Washington Nationals,Houston Astros,571945,"Mikolas, Miles",681347,"Burrows, Mike"
822958,2026-07-06,Tampa Bay Rays,New York Yankees,643377,"Jax, Griffin",693645,"Schlittler, Cam"
823036,2026-07-06,St. Louis Cardinals,Milwaukee Brewers,669160,"May, Dustin",675660,"Drohan, Shane"
823205,2026-07-06,San Francisco Giants,Toronto Blue Jays,694738,"Roupp, Landen",592332,"Gausman, Kevin"
823282,2026-07-06,San Diego Padres,Arizona Diamondbacks,621111,"Buehler, Walker",694297,"Pfaadt, Brandon"
823930,2026-07-06,Los Angeles Dodgers,Colorado Rockies,641778,"Lauer, Eric",607536,"Freeland, Kyle"
824089,2026-07-06,Kansas City Royals,Philadelphia Phillies,702070,"Cameron, Noah",650911,"Sánchez, Cristopher"
824900,2026-07-06,Atlanta Braves,New York Mets,625643,"López, Reynaldo",642547,"Peralta, Freddy"
822713,2026-07-07,Washington Nationals,Houston Astros,674841,"Alvarez, Andrew",837227,"Imai, Tatsuya"
822881,2026-07-07,Texas Rangers,Los Angeles Angels,594798,"deGrom, Jacob",667755,"Soriano, José"
822956,2026-07-07,Tampa Bay Rays,New York Yankees,693855,"Seymour, Ian",701542,"Warren, Will"
823035,2026-07-07,St. Louis Cardinals,Milwaukee Brewers,690928,"Dobbins, Hunter",688107,"Gasser, Robert"
823062,2026-07-07,St. Louis Cardinals,Milwaukee Brewers,694335,"Svanson, Matt",694819,"Misiorowski, Jacob"
823203,2026-07-07,San Francisco Giants,Toronto Blue Jays,686790,"McDonald, Trevor",693686,"Miles, Spencer"
823280,2026-07-07,San Diego Padres,Arizona Diamondbacks,608566,"Márquez, Germán",668678,"Gallen, Zac"
823361,2026-07-07,Pittsburgh Pirates,Atlanta Braves,694973,"Skenes, Paul",694462,"Waldrep, Hurston"
823607,2026-07-07,New York Mets,Kansas City Royals,672335,"Pérez, Cionel",607625,"Lugo, Seth"
823687,2026-07-07,Minnesota Twins,Cleveland Guardians,671737,"Bradley, Taj",676282,"Cantillo, Joey"
823847,2026-07-07,Miami Marlins,Seattle Mariners,676974,"Meyer, Max",693433,"Woo, Bryan"
823929,2026-07-07,Los Angeles Dodgers,Colorado Rockies,680736,"Wrobleski, Justin",547179,"Lorenzen, Michael"
824254,2026-07-07,Detroit Tigers,Athletics,669373,"Skubal, Tarik",669372,"Ginn, J.T."
824495,2026-07-07,Cincinnati Reds,Philadelphia Phillies,671096,"Abbott, Andrew",554430,"Wheeler, Zack"
824579,2026-07-07,Chicago White Sox,Boston Red Sox,702273,"Schultz, Noah",801139,"Tolle, Payton"
824820,2026-07-07,Baltimore Orioles,Chicago Cubs,669358,"Baz, Shane",571510,"Boyd, Matthew"
822710,2026-07-08,Washington Nationals,Houston Astros,656492,"Griffin, Foster",681293,"Arrighetti, Spencer"
822880,2026-07-08,Texas Rangers,Los Angeles Angels,669022,"Gore, MacKenzie",700712,"Ureña, Walbert"
822957,2026-07-08,Tampa Bay Rays,New York Yankees,663556,"McClanahan, Shane",543037,"Cole, Gerrit"
823032,2026-07-08,St. Louis Cardinals,Milwaukee Brewers,700241,"McGreevy, Michael",690986,"Harrison, Kyle"
823202,2026-07-08,San Francisco Giants,Toronto Blue Jays,657277,"Webb, Logan",656302,"Cease, Dylan"
823279,2026-07-08,San Diego Padres,Arizona Diamondbacks,650633,"King, Michael",703615,"Cabrera, Jose"
823360,2026-07-08,Pittsburgh Pirates,Atlanta Braves,683003,"Jones, Jared",656550,"Holmes, Grant"
823605,2026-07-08,New York Mets,Kansas City Royals,681035,"Scott, Christian",674444,"Cruz, Steven"
823684,2026-07-08,Minnesota Twins,Cleveland Guardians,687570,"Prielipp, Connor",677944,"Cecconi, Slade"
823848,2026-07-08,Miami Marlins,Seattle Mariners,663969,"Phillips, Tyler",669923,"Kirby, George"
823928,2026-07-08,Los Angeles Dodgers,Colorado Rockies,808963,"Sasaki, Roki",687312,"Hughes, Gabriel"
824253,2026-07-08,Detroit Tigers,Athletics,675512,"Melton, Troy",605488,"Springs, Jeffrey"
824496,2026-07-08,Cincinnati Reds,Philadelphia Phillies,695505,"Burns, Chase",660604,"Rangel, Alan"
824578,2026-07-08,Chicago White Sox,Boston Red Sox,663436,"Martin, Davis",687562,"Bennett, Jake"
824815,2026-07-08,Baltimore Orioles,Chicago Cubs,665152,"Kremer, Dean",607067,"Rea, Colin"
822877,2026-07-09,Texas Rangers,Los Angeles Angels,543135,"Eovaldi, Nathan",672282,"Detmers, Reid"
822954,2026-07-09,Tampa Bay Rays,New York Yankees,656876,"Rasmussen, Drew",621112,"Blackburn, Paul"
823034,2026-07-09,St. Louis Cardinals,Milwaukee Brewers,669467,"Pallante, Andre",701656,"Henderson, Logan"
823201,2026-07-09,San Francisco Giants,Colorado Rockies,687931,"Whisenhunt, Carson",663372,"Feltner, Ryan"
823277,2026-07-09,San Diego Padres,Arizona Diamondbacks,656288,"Canning, Griffin",518876,"Kelly, Merrill"
823359,2026-07-09,Pittsburgh Pirates,Atlanta Braves,656605,"Keller, Mitch",693821,"Elder, Bryce"
823606,2026-07-09,New York Mets,Kansas City Royals,640455,"Manaea, Sean",608379,"Wacha, Michael"
823683,2026-07-09,Minnesota Twins,Cleveland Guardians,641927,"Ober, Bailey",668909,"Williams, Gavin"
823846,2026-07-09,Miami Marlins,Seattle Mariners,676083,"Junk, Janson",682243,"Miller, Bryce"
824251,2026-07-09,Detroit Tigers,Athletics,664285,"Valdez, Framber",660761,"Suarez, José"
824494,2026-07-09,Cincinnati Reds,Philadelphia Phillies,663903,"Singer, Brady",666200,"Luzardo, Jesús"
824577,2026-07-09,Chicago White Sox,Boston Red Sox,641743,"Kay, Anthony",663776,"Sandoval, Patrick"
824816,2026-07-09,Baltimore Orioles,Chicago Cubs,669432,"Rogers, Trevor",656849,"Peterson, David"
822709,2026-07-10,Washington Nationals,New York Yankees,687223,"Palmquist, Carson",677960,"Weathers, Ryan"
822878,2026-07-10,Texas Rangers,Houston Astros,615698,"Quantrill, Cal",686613,"Brown, Hunter"
822955,2026-07-10,Tampa Bay Rays,Seattle Mariners,607259,"Martinez, Nick",622491,"Castillo, Luis"
823033,2026-07-10,St. Louis Cardinals,Atlanta Braves,681517,"Leahy, Kyle",519242,"Sale, Chris"
823200,2026-07-10,San Francisco Giants,Colorado Rockies,592662,"Ray, Robbie",685299,"Gordon, Tanner"
823278,2026-07-10,San Diego Padres,Toronto Blue Jays,676664,"Sears, JP",669456,"Bieber, Shane"
823604,2026-07-10,New York Mets,Boston Red Sox,690997,"McLean, Nolan",543243,"Gray, Sonny"
823685,2026-07-10,Minnesota Twins,Los Angeles Angels,805673,"Matthews, Zebby",680570,"Rodriguez, Grayson"
823845,2026-07-10,Miami Marlins,Cleveland Guardians,645261,"Alcantara, Sandy",800048,"Messick, Parker"
823927,2026-07-10,Los Angeles Dodgers,Arizona Diamondbacks,669165,"Hurt, Kyle",593958,"Rodriguez, Eduardo"
824252,2026-07-10,Detroit Tigers,Philadelphia Phillies,656427,"Flaherty, Jack",605400,"Nola, Aaron"
824493,2026-07-10,Cincinnati Reds,Chicago Cubs,668881,"Greene, Hunter",684007,"Imanaga, Shota"
824575,2026-07-10,Chicago White Sox,Athletics,680732,"Burke, Sean",682052,"Lopez, Jacob"
824817,2026-07-10,Baltimore Orioles,Kansas City Royals,687064,"Young, Brandon",679883,"Avila, Luinder"
822711,2026-07-11,Washington Nationals,New York Yankees,676571,"Poulin, PJ",693645,"Schlittler, Cam"
822875,2026-07-11,Texas Rangers,Houston Astros,677958,"Rocker, Kumar",663567,"Lambert, Peter"
822953,2026-07-11,Tampa Bay Rays,Seattle Mariners,643377,"Jax, Griffin",669302,"Gilbert, Logan"
823030,2026-07-11,St. Louis Cardinals,Atlanta Braves,669461,"Liberatore, Matthew",625643,"López, Reynaldo"
823198,2026-07-11,San Francisco Giants,Colorado Rockies,641816,"Mahle, Tyler",607536,"Freeland, Kyle"
823276,2026-07-11,San Diego Padres,Toronto Blue Jays,621111,"Buehler, Walker",702056,"Yesavage, Trey"
823356,2026-07-11,Pittsburgh Pirates,Milwaukee Brewers,696149,"Chandler, Bubba",675660,"Drohan, Shane"
823357,2026-07-11,Pittsburgh Pirates,Milwaukee Brewers,677952,"Ashcraft, Braxton",687075,"Sproat, Brandon"
823603,2026-07-11,New York Mets,Boston Red Sox,642547,"Peralta, Freddy",700842,"Rivera, Eduardo"
823682,2026-07-11,Minnesota Twins,Los Angeles Angels,657746,"Ryan, Joe",696270,"Johnson, Ryan"
823844,2026-07-11,Miami Marlins,Cleveland Guardians,691587,"Pérez, Eury",676440,"Bibee, Tanner"
823926,2026-07-11,Los Angeles Dodgers,Arizona Diamondbacks,808967,"Yamamoto, Yoshinobu",694297,"Pfaadt, Brandon"
824249,2026-07-11,Detroit Tigers,Philadelphia Phillies,663554,"Mize, Casey",650911,"Sánchez, Cristopher"
824492,2026-07-11,Cincinnati Reds,Chicago Cubs,666157,"Lodolo, Nick",665871,"Assad, Javier"
824576,2026-07-11,Chicago White Sox,Athletics,663542,"Hudson, Bryan",695611,"Jump, Gage"
824813,2026-07-11,Baltimore Orioles,Kansas City Royals,680694,"Bradish, Kyle",702070,"Cameron, Noah"
822708,2026-07-12,Washington Nationals,New York Yankees,676917,"Cavalli, Cade",701542,"Warren, Will"
822876,2026-07-12,Texas Rangers,Houston Astros,669022,"Gore, MacKenzie",664299,"Javier, Cristian"
822951,2026-07-12,Tampa Bay Rays,Seattle Mariners,693855,"Seymour, Ian",676106,"Hancock, Emerson"
823029,2026-07-12,St. Louis Cardinals,Atlanta Braves,669160,"May, Dustin",664849,"Young, Danny"
823199,2026-07-12,San Francisco Giants,Colorado Rockies,686790,"McDonald, Trevor",547179,"Lorenzen, Michael"
823274,2026-07-12,San Diego Padres,Toronto Blue Jays,608566,"Márquez, Germán",592332,"Gausman, Kevin"
823358,2026-07-12,Pittsburgh Pirates,Milwaukee Brewers,694973,"Skenes, Paul",688107,"Gasser, Robert"
823602,2026-07-12,New York Mets,Boston Red Sox,804267,"Thornton, Zac",801139,"Tolle, Payton"
823681,2026-07-12,Minnesota Twins,Los Angeles Angels,671737,"Bradley, Taj",667755,"Soriano, José"
823842,2026-07-12,Miami Marlins,Cleveland Guardians,663969,"Phillips, Tyler",676282,"Cantillo, Joey"
823925,2026-07-12,Los Angeles Dodgers,Arizona Diamondbacks,686218,"Sheehan, Emmet",683352,"Bratt, Mitch"
824250,2026-07-12,Detroit Tigers,Philadelphia Phillies,669373,"Skubal, Tarik",554430,"Wheeler, Zack"
824491,2026-07-12,Cincinnati Reds,Chicago Cubs,671096,"Abbott, Andrew",571510,"Boyd, Matthew"
824574,2026-07-12,Chicago White Sox,Athletics,702273,"Schultz, Noah",669372,"Ginn, J.T."
824814,2026-07-12,Baltimore Orioles,Kansas City Royals,669358,"Baz, Shane",607625,"Lugo, Seth"
823440,2026-07-16,Philadelphia Phillies,New York Mets,605400,"Nola, Aaron",681035,"Scott, Christian"
822789,2026-07-17,Toronto Blue Jays,Chicago White Sox,693686,"Miles, Spencer",641743,"Kay, Anthony"
823115,2026-07-17,Seattle Mariners,San Francisco Giants,682243,"Miller, Bryce",694738,"Roupp, Landen"
823524,2026-07-17,New York Yankees,Los Angeles Dodgers,543037,"Cole, Gerrit",808963,"Sasaki, Roki"
823766,2026-07-17,Milwaukee Brewers,Miami Marlins,701656,"Henderson, Logan",645261,"Alcantara, Sandy"
824009,2026-07-17,Los Angeles Angels,Detroit Tigers,672282,"Detmers, Reid",675512,"Melton, Troy"
824090,2026-07-17,Kansas City Royals,San Diego Padres,607625,"Lugo, Seth",650633,"King, Michael"
824170,2026-07-17,Houston Astros,Baltimore Orioles,663567,"Lambert, Peter",665152,"Kremer, Dean"
824332,2026-07-17,Colorado Rockies,Cincinnati Reds,687312,"Hughes, Gabriel",663903,"Singer, Brady"
824655,2026-07-17,Chicago Cubs,Minnesota Twins,607067,"Rea, Colin",641927,"Ober, Bailey"
824737,2026-07-17,Boston Red Sox,Tampa Bay Rays,700842,"Rivera, Eduardo",669438,"Englert, Mason"
824766,2026-07-17,Boston Red Sox,Tampa Bay Rays,687562,"Bennett, Jake",643377,"Jax, Griffin"
824901,2026-07-17,Atlanta Braves,Texas Rangers,519242,"Sale, Chris",615698,"Quantrill, Cal"
824981,2026-07-17,Athletics,Washington Nationals,695611,"Jump, Gage",676917,"Cavalli, Cade"
825060,2026-07-17,Arizona Diamondbacks,St. Louis Cardinals,518876,"Kelly, Merrill",700241,"McGreevy, Michael"
822790,2026-07-18,Toronto Blue Jays,Chicago White Sox,669456,"Bieber, Shane",663436,"Martin, Davis"
823116,2026-07-18,Seattle Mariners,San Francisco Giants,693433,"Woo, Bryan",657277,"Webb, Logan"
823441,2026-07-18,Philadelphia Phillies,New York Mets,666200,"Luzardo, Jesús",640455,"Manaea, Sean"
823763,2026-07-18,Milwaukee Brewers,Miami Marlins,675660,"Drohan, Shane",676974,"Meyer, Max"
824008,2026-07-18,Los Angeles Angels,Detroit Tigers,680570,"Rodriguez, Grayson",669373,"Skubal, Tarik"
824088,2026-07-18,Kansas City Royals,San Diego Padres,677976,"Dobnak, Randy",656288,"Canning, Griffin"
824169,2026-07-18,Houston Astros,Baltimore Orioles,681293,"Arrighetti, Spencer",669432,"Rogers, Trevor"
824331,2026-07-18,Colorado Rockies,Cincinnati Reds,608372,"Sugano, Tomoyuki",695076,"Lowder, Rhett"
824412,2026-07-18,Cleveland Guardians,Pittsburgh Pirates,671106,"Allen, Logan",682254,"Montgomery, Mason"
824414,2026-07-18,Cleveland Guardians,Pittsburgh Pirates,668909,"Williams, Gavin",683003,"Jones, Jared"
824657,2026-07-18,Chicago Cubs,Minnesota Twins,571510,"Boyd, Matthew",671737,"Bradley, Taj"
824738,2026-07-18,Boston Red Sox,Tampa Bay Rays,663776,"Sandoval, Patrick",693855,"Seymour, Ian"
824899,2026-07-18,Atlanta Braves,Texas Rangers,702566,"Murphy, Owen",669022,"Gore, MacKenzie"
824979,2026-07-18,Athletics,Washington Nationals,669372,"Ginn, J.T.",641793,"Littell, Zack"
825059,2026-07-18,Arizona Diamondbacks,St. Louis Cardinals,694297,"Pfaadt, Brandon",669160,"May, Dustin"
822786,2026-07-19,Toronto Blue Jays,Chicago White Sox,702056,"Yesavage, Trey",680732,"Burke, Sean"
823113,2026-07-19,Seattle Mariners,San Francisco Giants,669302,"Gilbert, Logan",592662,"Ray, Robbie"
823439,2026-07-19,Philadelphia Phillies,New York Mets,660604,"Rangel, Alan",690997,"McLean, Nolan"
823521,2026-07-19,New York Yankees,Los Angeles Dodgers,642232,"Yarbrough, Ryan",694361,"Klein, Will"
823523,2026-07-19,New York Yankees,Los Angeles Dodgers,693645,"Schlittler, Cam",808967,"Yamamoto, Yoshinobu"
823764,2026-07-19,Milwaukee Brewers,Miami Marlins,688107,"Gasser, Robert",691587,"Pérez, Eury"
824007,2026-07-19,Los Angeles Angels,Detroit Tigers,696270,"Johnson, Ryan",663554,"Mize, Casey"
824086,2026-07-19,Kansas City Royals,San Diego Padres,702070,"Cameron, Noah",608566,"Márquez, Germán"
824168,2026-07-19,Houston Astros,Baltimore Orioles,686613,"Brown, Hunter",687064,"Young, Brandon"
824330,2026-07-19,Colorado Rockies,Cincinnati Reds,663372,"Feltner, Ryan",668881,"Greene, Hunter"
824411,2026-07-19,Cleveland Guardians,Pittsburgh Pirates,676282,"Cantillo, Joey",694973,"Skenes, Paul"
824653,2026-07-19,Chicago Cubs,Minnesota Twins,684007,"Imanaga, Shota",805673,"Matthews, Zebby"
824739,2026-07-19,Boston Red Sox,Tampa Bay Rays,543243,"Gray, Sonny",663556,"McClanahan, Shane"
824897,2026-07-19,Atlanta Braves,Texas Rangers,656550,"Holmes, Grant",543135,"Eovaldi, Nathan"
824978,2026-07-19,Athletics,Washington Nationals,682052,"Lopez, Jacob",656492,"Griffin, Foster"
825057,2026-07-19,Arizona Diamondbacks,St. Louis Cardinals,593958,"Rodriguez, Eduardo",669467,"Pallante, Andre"
822788,2026-07-20,Toronto Blue Jays,Tampa Bay Rays,656302,"Cease, Dylan",607259,"Martinez, Nick"
822874,2026-07-20,Texas Rangers,Chicago White Sox,594798,"deGrom, Jacob",607200,"Fedde, Erick"
823112,2026-07-20,Seattle Mariners,Cincinnati Reds,669923,"Kirby, George",671096,"Abbott, Andrew"
823436,2026-07-20,Philadelphia Phillies,Los Angeles Dodgers,650911,"Sánchez, Cristopher",686218,"Sheehan, Emmet"
823522,2026-07-20,New York Yankees,Pittsburgh Pirates,677960,"Weathers, Ryan",677952,"Ashcraft, Braxton"
823762,2026-07-20,Milwaukee Brewers,New York Mets,694819,"Misiorowski, Jacob",642547,"Peralta, Freddy"
824006,2026-07-20,Los Angeles Angels,St. Louis Cardinals,667755,"Soriano, José",681517,"Leahy, Kyle"
824087,2026-07-20,Kansas City Royals,San Francisco Giants,608379,"Wacha, Michael",686790,"McDonald, Trevor"
824167,2026-07-20,Houston Astros,Miami Marlins,669854,"Blanco, Ronel",676083,"Junk, Janson"
824328,2026-07-20,Colorado Rockies,Washington Nationals,607536,"Freeland, Kyle",674841,"Alvarez, Andrew"
824410,2026-07-20,Cleveland Guardians,Minnesota Twins,676440,"Bibee, Tanner",657746,"Ryan, Joe"
824654,2026-07-20,Chicago Cubs,Detroit Tigers,592791,"Taillon, Jameson",656427,"Flaherty, Jack"
824736,2026-07-20,Boston Red Sox,Baltimore Orioles,801139,"Tolle, Payton",669358,"Baz, Shane"
824898,2026-07-20,Atlanta Braves,San Diego Padres,693821,"Elder, Bryce",676664,"Sears, JP"
825058,2026-07-20,Arizona Diamondbacks,Athletics,683352,"Bratt, Mitch",605488,"Springs, Jeffrey"
822787,2026-07-21,Toronto Blue Jays,Tampa Bay Rays,592332,"Gausman, Kevin",656876,"Rasmussen, Drew"
822871,2026-07-21,Texas Rangers,Chicago White Sox,677958,"Rocker, Kumar",702273,"Schultz, Noah"
823114,2026-07-21,Seattle Mariners,Cincinnati Reds,622491,"Castillo, Luis",695505,"Burns, Chase"
823437,2026-07-21,Philadelphia Phillies,Los Angeles Dodgers,554430,"Wheeler, Zack",680736,"Wrobleski, Justin"
823760,2026-07-21,Milwaukee Brewers,New York Mets,687075,"Sproat, Brandon",804267,"Thornton, Zac"
824005,2026-07-21,Los Angeles Angels,St. Louis Cardinals,700712,"Ureña, Walbert",669461,"Liberatore, Matthew"
824085,2026-07-21,Kansas City Royals,San Francisco Giants,679883,"Avila, Luinder",641816,"Mahle, Tyler"
824165,2026-07-21,Houston Astros,Miami Marlins,837227,"Imai, Tatsuya",663969,"Phillips, Tyler"
824329,2026-07-21,Colorado Rockies,Washington Nationals,547179,"Lorenzen, Michael",687223,"Palmquist, Carson"
824409,2026-07-21,Cleveland Guardians,Minnesota Twins,800048,"Messick, Parker",696070,"Rojas, Kendry"
824652,2026-07-21,Chicago Cubs,Detroit Tigers,656849,"Peterson, David",664285,"Valdez, Framber"
824895,2026-07-21,Atlanta Braves,San Diego Padres,625643,"López, Reynaldo",621111,"Buehler, Walker"
825056,2026-07-21,Arizona Diamondbacks,Athletics,684442,"Drake, Kohl",678022,"Perkins, Jack"
822784,2026-07-22,Toronto Blue Jays,Tampa Bay Rays,680755,"Fisher, Braydon",643377,"Jax, Griffin"
822873,2026-07-22,Texas Rangers,Chicago White Sox,641302,"Alexander, Tyler",641743,"Kay, Anthony"
823110,2026-07-22,Seattle Mariners,Cincinnati Reds,676106,"Hancock, Emerson",663903,"Singer, Brady"
823438,2026-07-22,Philadelphia Phillies,Los Angeles Dodgers,605400,"Nola, Aaron",641778,"Lauer, Eric"
823518,2026-07-22,New York Yankees,Pittsburgh Pirates,543037,"Cole, Gerrit",656605,"Keller, Mitch"
823519,2026-07-22,New York Yankees,Pittsburgh Pirates,608331,"Fried, Max",696149,"Chandler, Bubba"
823761,2026-07-22,Milwaukee Brewers,New York Mets,701656,"Henderson, Logan",681035,"Scott, Christian"
824004,2026-07-22,Los Angeles Angels,St. Louis Cardinals,672282,"Detmers, Reid",690928,"Dobbins, Hunter"
824083,2026-07-22,Kansas City Royals,San Francisco Giants,607625,"Lugo, Seth",694738,"Roupp, Landen"
824166,2026-07-22,Houston Astros,Miami Marlins,663567,"Lambert, Peter",645261,"Alcantara, Sandy"
824327,2026-07-22,Colorado Rockies,Washington Nationals,687312,"Hughes, Gabriel",676917,"Cavalli, Cade"
824408,2026-07-22,Cleveland Guardians,Minnesota Twins,677944,"Cecconi, Slade",641927,"Ober, Bailey"
824650,2026-07-22,Chicago Cubs,Detroit Tigers,607067,"Rea, Colin",672456,"Montero, Keider"
824732,2026-07-22,Boston Red Sox,Baltimore Orioles,700842,"Rivera, Eduardo",680694,"Bradish, Kyle"
824735,2026-07-22,Boston Red Sox,Baltimore Orioles,687562,"Bennett, Jake",665152,"Kremer, Dean"
824896,2026-07-22,Atlanta Braves,San Diego Padres,527048,"Pérez, Martín",650633,"King, Michael"
825055,2026-07-22,Arizona Diamondbacks,Athletics,518876,"Kelly, Merrill",695611,"Jump, Gage"
822785,2026-07-23,Toronto Blue Jays,Tampa Bay Rays,669456,"Bieber, Shane",668984,"Legumina, Casey"
823042,2026-07-23,St. Louis Cardinals,Arizona Diamondbacks,700241,"McGreevy, Michael",694297,"Pfaadt, Brandon"
824247,2026-07-23,Detroit Tigers,Kansas City Royals,675512,"Melton, Troy",677976,"Dobnak, Randy"
824406,2026-07-23,Cleveland Guardians,Minnesota Twins,668909,"Williams, Gavin",671737,"Bradley, Taj"
824893,2026-07-23,Atlanta Braves,San Diego Padres,519242,"Sale, Chris",606996,"Hart, Kyle"
822707,2026-07-24,Washington Nationals,Arizona Diamondbacks,687223,"Palmquist, Carson",593958,"Rodriguez, Eduardo"
822872,2026-07-24,Texas Rangers,Seattle Mariners,669022,"Gore, MacKenzie",682243,"Miller, Bryce"
822952,2026-07-24,Tampa Bay Rays,Cleveland Guardians,663556,"McClanahan, Shane",676282,"Cantillo, Joey"
823031,2026-07-24,St. Louis Cardinals,Cincinnati Reds,669160,"May, Dustin",695076,"Lowder, Rhett"
823196,2026-07-24,San Francisco Giants,Los Angeles Angels,657277,"Webb, Logan",680570,"Rodriguez, Grayson"
823352,2026-07-24,Pittsburgh Pirates,Chicago Cubs,683003,"Jones, Jared",571510,"Boyd, Matthew"
823434,2026-07-24,Philadelphia Phillies,New York Yankees,666200,"Luzardo, Jesús",693645,"Schlittler, Cam"
823601,2026-07-24,New York Mets,Los Angeles Dodgers,640455,"Manaea, Sean",808963,"Sasaki, Roki"
823680,2026-07-24,Minnesota Twins,Athletics,805673,"Matthews, Zebby",682052,"Lopez, Jacob"
823759,2026-07-24,Milwaukee Brewers,Colorado Rockies,675660,"Drohan, Shane",608372,"Sugano, Tomoyuki"
823843,2026-07-24,Miami Marlins,San Diego Padres,687473,"Gusto, Ryan",608566,"Márquez, Germán"
824248,2026-07-24,Detroit Tigers,Kansas City Royals,669373,"Skubal, Tarik",694360,"Way, Beck"
824573,2026-07-24,Chicago White Sox,Houston Astros,663436,"Martin, Davis",681293,"Arrighetti, Spencer"
824733,2026-07-24,Boston Red Sox,Toronto Blue Jays,663776,"Sandoval, Patrick",702056,"Yesavage, Trey"
824812,2026-07-24,Baltimore Orioles,Atlanta Braves,669432,"Rogers, Trevor",656550,"Holmes, Grant"
822704,2026-07-25,Washington Nationals,Arizona Diamondbacks,656492,"Griffin, Foster",683352,"Bratt, Mitch"
822869,2026-07-25,Texas Rangers,Seattle Mariners,543135,"Eovaldi, Nathan",693433,"Woo, Bryan"
822948,2026-07-25,Tampa Bay Rays,Cleveland Guardians,607259,"Martinez, Nick",676440,"Bibee, Tanner"
823027,2026-07-25,St. Louis Cardinals,Cincinnati Reds,669467,"Pallante, Andre",668881,"Greene, Hunter"
823197,2026-07-25,San Francisco Giants,Los Angeles Angels,592662,"Ray, Robbie",696270,"Johnson, Ryan"
823355,2026-07-25,Pittsburgh Pirates,Chicago Cubs,694973,"Skenes, Paul",684007,"Imanaga, Shota"
823435,2026-07-25,Philadelphia Phillies,New York Yankees,641835,"Mayza, Tim",677960,"Weathers, Ryan"
823600,2026-07-25,New York Mets,Los Angeles Dodgers,690997,"McLean, Nolan",808967,"Yamamoto, Yoshinobu"
823679,2026-07-25,Minnesota Twins,Athletics,696070,"Rojas, Kendry",669620,"Basso, Brady"
823758,2026-07-25,Milwaukee Brewers,Colorado Rockies,688107,"Gasser, Robert",663372,"Feltner, Ryan"
823841,2026-07-25,Miami Marlins,San Diego Padres,691587,"Pérez, Eury",681190,"Vásquez, Randy"
824244,2026-07-25,Detroit Tigers,Kansas City Royals,663554,"Mize, Casey",608379,"Wacha, Michael"
824571,2026-07-25,Chicago White Sox,Houston Astros,680732,"Burke, Sean",686613,"Brown, Hunter"
824734,2026-07-25,Boston Red Sox,Toronto Blue Jays,543243,"Gray, Sonny",656302,"Cease, Dylan"
824811,2026-07-25,Baltimore Orioles,Atlanta Braves,687064,"Young, Brandon",693821,"Elder, Bryce"
822706,2026-07-26,Washington Nationals,Arizona Diamondbacks,571945,"Mikolas, Miles",684442,"Drake, Kohl"
822870,2026-07-26,Texas Rangers,Seattle Mariners,594798,"deGrom, Jacob",669302,"Gilbert, Logan"
822950,2026-07-26,Tampa Bay Rays,Cleveland Guardians,656876,"Rasmussen, Drew",800048,"Messick, Parker"
823028,2026-07-26,St. Louis Cardinals,Cincinnati Reds,681517,"Leahy, Kyle",671096,"Abbott, Andrew"
823194,2026-07-26,San Francisco Giants,Los Angeles Angels,687931,"Whisenhunt, Carson",667755,"Soriano, José"
823354,2026-07-26,Pittsburgh Pirates,Chicago Cubs,677952,"Ashcraft, Braxton",592791,"Taillon, Jameson"
823433,2026-07-26,Philadelphia Phillies,New York Yankees,650911,"Sánchez, Cristopher",701542,"Warren, Will"
823599,2026-07-26,New York Mets,Los Angeles Dodgers,642547,"Peralta, Freddy",686218,"Sheehan, Emmet"
823678,2026-07-26,Minnesota Twins,Athletics,687570,"Prielipp, Connor",605488,"Springs, Jeffrey"
823755,2026-07-26,Milwaukee Brewers,Colorado Rockies,694819,"Misiorowski, Jacob",607536,"Freeland, Kyle"
823840,2026-07-26,Miami Marlins,San Diego Padres,676083,"Junk, Janson",621111,"Buehler, Walker"
824246,2026-07-26,Detroit Tigers,Kansas City Royals,664285,"Valdez, Framber",679883,"Avila, Luinder"
824572,2026-07-26,Chicago White Sox,Houston Astros,607200,"Fedde, Erick",669854,"Blanco, Ronel"
824730,2026-07-26,Boston Red Sox,Toronto Blue Jays,624133,"Suarez, Ranger",592332,"Gausman, Kevin"
824810,2026-07-26,Baltimore Orioles,Atlanta Braves,669358,"Baz, Shane",625643,"López, Reynaldo"
822705,2026-07-27,Washington Nationals,Toronto Blue Jays,678868,"Yean, Eddy",453286,"Scherzer, Max"
822868,2026-07-27,Texas Rangers,Seattle Mariners,677958,"Rocker, Kumar",669923,"Kirby, George"
823025,2026-07-27,St. Louis Cardinals,Chicago Cubs,669461,"Liberatore, Matthew",656849,"Peterson, David"
823195,2026-07-27,San Francisco Giants,Milwaukee Brewers,641816,"Mahle, Tyler",687075,"Sproat, Brandon"
823353,2026-07-27,Pittsburgh Pirates,Arizona Diamondbacks,656605,"Keller, Mitch",518876,"Kelly, Merrill"
823597,2026-07-27,New York Mets,Atlanta Braves,804267,"Thornton, Zac",527048,"Pérez, Martín"
823839,2026-07-27,Miami Marlins,Philadelphia Phillies,663969,"Phillips, Tyler",554430,"Wheeler, Zack"
824001,2026-07-27,Los Angeles Angels,Houston Astros,700712,"Ureña, Walbert",837227,"Imai, Tatsuya"
824245,2026-07-27,Detroit Tigers,Baltimore Orioles,672456,"Montero, Keider",680694,"Bradish, Kyle"
824570,2026-07-27,Chicago White Sox,New York Yankees,702273,"Schultz, Noah",608331,"Fried, Max"
824977,2026-07-27,Athletics,Boston Red Sox,678022,"Perkins, Jack",801139,"Tolle, Payton"
822703,2026-07-28,Washington Nationals,Toronto Blue Jays,676917,"Cavalli, Cade",669456,"Bieber, Shane"
822949,2026-07-28,Tampa Bay Rays,Texas Rangers,643377,"Jax, Griffin",615698,"Quantrill, Cal"
823026,2026-07-28,St. Louis Cardinals,Chicago Cubs,700241,"McGreevy, Michael",607067,"Rea, Colin"
823193,2026-07-28,San Francisco Giants,Milwaukee Brewers,694738,"Roupp, Landen",701656,"Henderson, Logan"
823275,2026-07-28,San Diego Padres,Colorado Rockies,650633,"King, Michael",547179,"Lorenzen, Michael"
823350,2026-07-28,Pittsburgh Pirates,Arizona Diamondbacks,696149,"Chandler, Bubba",694297,"Pfaadt, Brandon"
823676,2026-07-28,Minnesota Twins,Kansas City Royals,671737,"Bradley, Taj",607625,"Lugo, Seth"
823838,2026-07-28,Miami Marlins,Philadelphia Phillies,645261,"Alcantara, Sandy",605400,"Nola, Aaron"
823923,2026-07-28,Los Angeles Dodgers,Seattle Mariners,680736,"Wrobleski, Justin",622491,"Castillo, Luis"
824003,2026-07-28,Los Angeles Angels,Houston Astros,672282,"Detmers, Reid",663567,"Lambert, Peter"
824243,2026-07-28,Detroit Tigers,Baltimore Orioles,675512,"Melton, Troy",665152,"Kremer, Dean"
824489,2026-07-28,Cincinnati Reds,Cleveland Guardians,657571,"Ferguson, Caleb",668909,"Williams, Gavin"
824490,2026-07-28,Cincinnati Reds,Cleveland Guardians,695505,"Burns, Chase",677944,"Cecconi, Slade"
824569,2026-07-28,Chicago White Sox,New York Yankees,641743,"Kay, Anthony",543037,"Cole, Gerrit"
824976,2026-07-28,Athletics,Boston Red Sox,695611,"Jump, Gage",687562,"Bennett, Jake"
822702,2026-07-29,Washington Nationals,Toronto Blue Jays,641793,"Littell, Zack",702056,"Yesavage, Trey"
822947,2026-07-29,Tampa Bay Rays,Texas Rangers,668984,"Legumina, Casey",669022,"Gore, MacKenzie"
823022,2026-07-29,St. Louis Cardinals,Chicago Cubs,669160,"May, Dustin",571510,"Boyd, Matthew"
823192,2026-07-29,San Francisco Giants,Milwaukee Brewers,657277,"Webb, Logan",623381,"Pannone, Thomas"
823273,2026-07-29,San Diego Padres,Colorado Rockies,606996,"Hart, Kyle",687312,"Hughes, Gabriel"
823351,2026-07-29,Pittsburgh Pirates,Arizona Diamondbacks,683003,"Jones, Jared",593958,"Rodriguez, Eduardo"
823596,2026-07-29,New York Mets,Atlanta Braves,640455,"Manaea, Sean",700363,"Smith-Shawver, AJ"
823598,2026-07-29,New York Mets,Atlanta Braves,681035,"Scott, Christian",519242,"Sale, Chris"
823677,2026-07-29,Minnesota Twins,Kansas City Royals,657746,"Ryan, Joe",677976,"Dobnak, Randy"
823837,2026-07-29,Miami Marlins,Philadelphia Phillies,687473,"Gusto, Ryan",666200,"Luzardo, Jesús"
823924,2026-07-29,Los Angeles Dodgers,Seattle Mariners,641778,"Lauer, Eric",676106,"Hancock, Emerson"
824002,2026-07-29,Los Angeles Angels,Houston Astros,680570,"Rodriguez, Grayson",669713,"Wesneski, Hayden"
824242,2026-07-29,Detroit Tigers,Baltimore Orioles,669373,"Skubal, Tarik",669432,"Rogers, Trevor"
824487,2026-07-29,Cincinnati Reds,Cleveland Guardians,663903,"Singer, Brady",676282,"Cantillo, Joey"
824567,2026-07-29,Chicago White Sox,New York Yankees,663436,"Martin, Davis",693645,"Schlittler, Cam"
824973,2026-07-29,Athletics,Boston Red Sox,682052,"Lopez, Jacob",663776,"Sandoval, Patrick"
822946,2026-07-30,Tampa Bay Rays,Texas Rangers,663556,"McClanahan, Shane",668390,"Winn, Cole"
823023,2026-07-30,St. Louis Cardinals,Chicago Cubs,669467,"Pallante, Andre",665871,"Assad, Javier"
823271,2026-07-30,San Diego Padres,San Francisco Giants,676664,"Sears, JP",592662,"Ray, Robbie"
823595,2026-07-30,New York Mets,Miami Marlins,690997,"McLean, Nolan",691587,"Pérez, Eury"
823674,2026-07-30,Minnesota Twins,Kansas City Royals,641927,"Ober, Bailey",702070,"Cameron, Noah"
823921,2026-07-30,Los Angeles Dodgers,Seattle Mariners,808963,"Sasaki, Roki",693433,"Woo, Bryan"
824488,2026-07-30,Cincinnati Reds,Pittsburgh Pirates,695076,"Lowder, Rhett",670990,"Ramírez, Yohan"
824568,2026-07-30,Chicago White Sox,New York Yankees,680732,"Burke, Sean",677960,"Weathers, Ryan"
824894,2026-07-30,Atlanta Braves,Washington Nationals,656550,"Holmes, Grant",663623,"Irvin, Jake"
824974,2026-07-30,Athletics,Boston Red Sox,686930,"Barnett, Mason",543243,"Gray, Sonny"
822782,2026-07-31,Toronto Blue Jays,St. Louis Cardinals,656302,"Cease, Dylan",681517,"Leahy, Kyle"
822945,2026-07-31,Tampa Bay Rays,Chicago White Sox,607259,"Martinez, Nick",607200,"Fedde, Erick"
823111,2026-07-31,Seattle Mariners,Minnesota Twins,682243,"Miller, Bryce",805673,"Matthews, Zebby"
823272,2026-07-31,San Diego Padres,San Francisco Giants,699134,"Rodriguez, Bradgley",687931,"Whisenhunt, Carson"
823593,2026-07-31,New York Mets,Miami Marlins,673540,"Senga, Kodai",676083,"Junk, Janson"
823922,2026-07-31,Los Angeles Dodgers,Boston Red Sox,683618,"Henriquez, Edgardo",624133,"Suarez, Ranger"
823999,2026-07-31,Los Angeles Angels,Milwaukee Brewers,696270,"Johnson, Ryan",675660,"Drohan, Shane"
824164,2026-07-31,Houston Astros,Texas Rangers,686613,"Brown, Hunter",543135,"Eovaldi, Nathan"
824325,2026-07-31,Colorado Rockies,Kansas City Royals,608372,"Sugano, Tomoyuki",608379,"Wacha, Michael"
824407,2026-07-31,Cleveland Guardians,Arizona Diamondbacks,676440,"Bibee, Tanner",683352,"Bratt, Mitch"
824486,2026-07-31,Cincinnati Reds,Pittsburgh Pirates,668881,"Greene, Hunter",694973,"Skenes, Paul"
824651,2026-07-31,Chicago Cubs,New York Yankees,684007,"Imanaga, Shota",701542,"Warren, Will"
824809,2026-07-31,Baltimore Orioles,Philadelphia Phillies,687064,"Young, Brandon",691725,"Painter, Andrew"
824892,2026-07-31,Atlanta Braves,Washington Nationals,693821,"Elder, Bryce",656492,"Griffin, Foster"
824975,2026-07-31,Athletics,Detroit Tigers,605488,"Springs, Jeffrey",663947,"Holton, Tyler"
822781,2026-08-01,Toronto Blue Jays,St. Louis Cardinals,592332,"Gausman, Kevin",687273,"Mathews, Quinn"
822944,2026-08-01,Tampa Bay Rays,Chicago White Sox,656876,"Rasmussen, Drew",663855,"Hicks, Jordan"
823109,2026-08-01,Seattle Mariners,Minnesota Twins,669302,"Gilbert, Logan",687570,"Prielipp, Connor"
823269,2026-08-01,San Diego Padres,San Francisco Giants,621111,"Buehler, Walker",641816,"Mahle, Tyler"
823594,2026-08-01,New York Mets,Miami Marlins,804267,"Thornton, Zac",663969,"Phillips, Tyler"
823920,2026-08-01,Los Angeles Dodgers,Boston Red Sox,808967,"Yamamoto, Yoshinobu",801139,"Tolle, Payton"
824000,2026-08-01,Los Angeles Angels,Milwaukee Brewers,608718,"Suter, Brent",688107,"Gasser, Robert"
824162,2026-08-01,Houston Astros,Texas Rangers,669854,"Blanco, Ronel",594798,"deGrom, Jacob"
824326,2026-08-01,Colorado Rockies,Kansas City Royals,663372,"Feltner, Ryan",679883,"Avila, Luinder"
824405,2026-08-01,Cleveland Guardians,Arizona Diamondbacks,800048,"Messick, Parker",684442,"Drake, Kohl"
824485,2026-08-01,Cincinnati Reds,Pittsburgh Pirates,671096,"Abbott, Andrew",677952,"Ashcraft, Braxton"
824649,2026-08-01,Chicago Cubs,New York Yankees,656849,"Peterson, David",608331,"Fried, Max"
824808,2026-08-01,Baltimore Orioles,Philadelphia Phillies,669358,"Baz, Shane",650911,"Sánchez, Cristopher"
824890,2026-08-01,Atlanta Braves,Washington Nationals,527048,"Pérez, Martín",571945,"Mikolas, Miles"
824972,2026-08-01,Athletics,Detroit Tigers,678022,"Perkins, Jack",664285,"Valdez, Framber"
822783,2026-08-02,Toronto Blue Jays,St. Louis Cardinals,453286,"Scherzer, Max",669461,"Liberatore, Matthew"
822943,2026-08-02,Tampa Bay Rays,Chicago White Sox,643377,"Jax, Griffin",641743,"Kay, Anthony"
823107,2026-08-02,Seattle Mariners,Minnesota Twins,669923,"Kirby, George",671737,"Bradley, Taj"
823270,2026-08-02,San Diego Padres,San Francisco Giants,606996,"Hart, Kyle",694738,"Roupp, Landen"
823592,2026-08-02,New York Mets,Miami Marlins,476594,"Stock, Robert",645261,"Alcantara, Sandy"
823919,2026-08-02,Los Angeles Dodgers,Boston Red Sox,686218,"Sheehan, Emmet",687562,"Bennett, Jake"
823996,2026-08-02,Los Angeles Angels,Milwaukee Brewers,700712,"Ureña, Walbert",694819,"Misiorowski, Jacob"
824163,2026-08-02,Houston Astros,Texas Rangers,663567,"Lambert, Peter",677958,"Rocker, Kumar"
824323,2026-08-02,Colorado Rockies,Kansas City Royals,607536,"Freeland, Kyle",607625,"Lugo, Seth"
824404,2026-08-02,Cleveland Guardians,Arizona Diamondbacks,668909,"Williams, Gavin",518876,"Kelly, Merrill"
824483,2026-08-02,Cincinnati Reds,Pittsburgh Pirates,695505,"Burns, Chase",656605,"Keller, Mitch"
824648,2026-08-02,Chicago Cubs,New York Yankees,607067,"Rea, Colin",543037,"Cole, Gerrit"
824807,2026-08-02,Baltimore Orioles,Philadelphia Phillies,680694,"Bradish, Kyle",554430,"Wheeler, Zack"
824891,2026-08-02,Atlanta Braves,Washington Nationals,702275,"Ritchie, JR",676917,"Cavalli, Cade"
824971,2026-08-02,Athletics,Detroit Tigers,695611,"Jump, Gage",672456,"Montero, Keider"
822867,2026-08-03,Texas Rangers,San Francisco Giants,615698,"Quantrill, Cal",657277,"Webb, Logan"
823431,2026-08-03,Philadelphia Phillies,Washington Nationals,605400,"Nola, Aaron",674841,"Alvarez, Andrew"
823520,2026-08-03,New York Yankees,St. Louis Cardinals,693645,"Schlittler, Cam",700241,"McGreevy, Michael"
823757,2026-08-03,Milwaukee Brewers,Pittsburgh Pirates,687075,"Sproat, Brandon",696149,"Chandler, Bubba"
824160,2026-08-03,Houston Astros,Toronto Blue Jays,664299,"Javier, Cristian",669456,"Bieber, Shane"
824324,2026-08-03,Colorado Rockies,Tampa Bay Rays,547179,"Lorenzen, Michael",693855,"Seymour, Ian"
824647,2026-08-03,Chicago Cubs,Los Angeles Dodgers,571510,"Boyd, Matthew",680736,"Wrobleski, Justin"
825095,2026-08-03,Arizona Diamondbacks,San Diego Padres,694297,"Pfaadt, Brandon",650633,"King, Michael"
822865,2026-08-04,Texas Rangers,San Francisco Giants,669022,"Gore, MacKenzie",694918,"Tidwell, Blade"
823108,2026-08-04,Seattle Mariners,Detroit Tigers,676106,"Hancock, Emerson",675512,"Melton, Troy"
823432,2026-08-04,Philadelphia Phillies,Washington Nationals,666200,"Luzardo, Jesús",687223,"Palmquist, Carson"
823517,2026-08-04,New York Yankees,St. Louis Cardinals,677960,"Weathers, Ryan",690928,"Dobbins, Hunter"
823756,2026-08-04,Milwaukee Brewers,Pittsburgh Pirates,701656,"Henderson, Logan",683003,"Jones, Jared"
824084,2026-08-04,Kansas City Royals,Minnesota Twins,677976,"Dobnak, Randy",657746,"Ryan, Joe"
824161,2026-08-04,Houston Astros,Toronto Blue Jays,669713,"Wesneski, Hayden",702056,"Yesavage, Trey"
824321,2026-08-04,Colorado Rockies,Tampa Bay Rays,687312,"Hughes, Gabriel",642547,"Peralta, Freddy"
824403,2026-08-04,Cleveland Guardians,New York Mets,676282,"Cantillo, Joey",640455,"Manaea, Sean"
824484,2026-08-04,Cincinnati Reds,Athletics,663903,"Singer, Brady",669372,"Ginn, J.T."
824645,2026-08-04,Chicago Cubs,Los Angeles Dodgers,665871,"Assad, Javier",669373,"Skubal, Tarik"
824731,2026-08-04,Boston Red Sox,Chicago White Sox,663776,"Sandoval, Patrick",663436,"Martin, Davis"
824805,2026-08-04,Baltimore Orioles,Los Angeles Angels,700249,"Povich, Cade",680570,"Rodriguez, Grayson"
824888,2026-08-04,Atlanta Braves,Miami Marlins,656550,"Holmes, Grant",687473,"Gusto, Ryan"
825054,2026-08-04,Arizona Diamondbacks,San Diego Padres,593958,"Rodriguez, Eduardo",681190,"Vásquez, Randy"
822866,2026-08-05,Texas Rangers,San Francisco Giants,674003,"Bradford, Cody",687931,"Whisenhunt, Carson"
823106,2026-08-05,Seattle Mariners,Detroit Tigers,693433,"Woo, Bryan",623454,"Anderson, Drew"
823429,2026-08-05,Philadelphia Phillies,Washington Nationals,691725,"Painter, Andrew",663623,"Irvin, Jake"
823516,2026-08-05,New York Yankees,St. Louis Cardinals,701542,"Warren, Will",669467,"Pallante, Andre"
823753,2026-08-05,Milwaukee Brewers,Pittsburgh Pirates,690986,"Harrison, Kyle",694973,"Skenes, Paul"
824082,2026-08-05,Kansas City Royals,Minnesota Twins,702070,"Cameron, Noah",665152,"Kremer, Dean"
824158,2026-08-05,Houston Astros,Toronto Blue Jays,686613,"Brown, Hunter",592791,"Taillon, Jameson"
824322,2026-08-05,Colorado Rockies,Tampa Bay Rays,608372,"Sugano, Tomoyuki",607259,"Martinez, Nick"
824402,2026-08-05,Cleveland Guardians,New York Mets,676440,"Bibee, Tanner",681035,"Scott, Christian"
824482,2026-08-05,Cincinnati Reds,Athletics,695076,"Lowder, Rhett",682052,"Lopez, Jacob"
824646,2026-08-05,Chicago Cubs,Los Angeles Dodgers,684007,"Imanaga, Shota",641778,"Lauer, Eric"
824728,2026-08-05,Boston Red Sox,Chicago White Sox,543243,"Gray, Sonny",680732,"Burke, Sean"
824806,2026-08-05,Baltimore Orioles,Los Angeles Angels,669432,"Rogers, Trevor",672282,"Detmers, Reid"
824889,2026-08-05,Atlanta Braves,Miami Marlins,693821,"Elder, Bryce",691587,"Pérez, Eury"
825052,2026-08-05,Arizona Diamondbacks,San Diego Padres,683352,"Bratt, Mitch",663554,"Mize, Casey"
823105,2026-08-06,Seattle Mariners,Detroit Tigers,682243,"Miller, Bryce",664285,"Valdez, Framber"
823430,2026-08-06,Philadelphia Phillies,Washington Nationals,650911,"Sánchez, Cristopher",571945,"Mikolas, Miles"
823754,2026-08-06,Milwaukee Brewers,Pittsburgh Pirates,669160,"May, Dustin",677952,"Ashcraft, Braxton"
824080,2026-08-06,Kansas City Royals,Minnesota Twins,608379,"Wacha, Michael",641927,"Ober, Bailey"
824401,2026-08-06,Cleveland Guardians,New York Mets,656492,"Griffin, Foster",690997,"McLean, Nolan"
824481,2026-08-06,Cincinnati Reds,Athletics,671096,"Abbott, Andrew",686930,"Barnett, Mason"
824664,2026-08-06,Chicago Cubs,Toronto Blue Jays,656849,"Peterson, David",656302,"Cease, Dylan"
824729,2026-08-06,Boston Red Sox,Chicago White Sox,624133,"Suarez, Ranger",622491,"Castillo, Luis"
824804,2026-08-06,Baltimore Orioles,Los Angeles Angels,687064,"Young, Brandon",696270,"Johnson, Ryan"
824885,2026-08-06,Atlanta Braves,Miami Marlins,527048,"Pérez, Martín",676083,"Junk, Janson"
825053,2026-08-06,Arizona Diamondbacks,San Diego Padres,684442,"Drake, Kohl",621111,"Buehler, Walker"
822699,2026-08-07,Washington Nationals,Cincinnati Reds,676917,"Cavalli, Cade",695534,"Petty, Chase"
822863,2026-08-07,Texas Rangers,Baltimore Orioles,543135,"Eovaldi, Nathan",669358,"Baz, Shane"
823024,2026-08-07,St. Louis Cardinals,Colorado Rockies,681517,"Leahy, Kyle",663372,"Feltner, Ryan"
823103,2026-08-07,Seattle Mariners,Tampa Bay Rays,669302,"Gilbert, Logan",656876,"Rasmussen, Drew"
823191,2026-08-07,San Francisco Giants,Detroit Tigers,664141,"Brubaker, JT",672456,"Montero, Keider"
823266,2026-08-07,San Diego Padres,Houston Astros,592662,"Ray, Robbie",669854,"Blanco, Ronel"
823349,2026-08-07,Pittsburgh Pirates,New York Mets,669387,"Mlodzinski, Carmen",804267,"Thornton, Zac"
823428,2026-08-07,Philadelphia Phillies,Toronto Blue Jays,554430,"Wheeler, Zack",667755,"Soriano, José"
823515,2026-08-07,New York Yankees,Atlanta Braves,608331,"Fried, Max",641816,"Mahle, Tyler"
823750,2026-08-07,Milwaukee Brewers,Minnesota Twins,675660,"Drohan, Shane",805673,"Matthews, Zebby"
823836,2026-08-07,Miami Marlins,Los Angeles Angels,663969,"Phillips, Tyler",691946,"Klassen, George"
824081,2026-08-07,Kansas City Royals,Chicago Cubs,663738,"Lynch IV, Daniel",592332,"Gausman, Kevin"
824566,2026-08-07,Chicago White Sox,Cleveland Guardians,702273,"Schultz, Noah",800048,"Messick, Parker"
824727,2026-08-07,Boston Red Sox,Athletics,801139,"Tolle, Payton",678022,"Perkins, Jack"
825051,2026-08-07,Arizona Diamondbacks,Los Angeles Dodgers,518876,"Kelly, Merrill",808963,"Sasaki, Roki"
822701,2026-08-08,Washington Nationals,Cincinnati Reds,674841,"Alvarez, Andrew",695505,"Burns, Chase"
822864,2026-08-08,Texas Rangers,Baltimore Orioles,594798,"deGrom, Jacob",680694,"Bradish, Kyle"
823021,2026-08-08,St. Louis Cardinals,Colorado Rockies,669461,"Liberatore, Matthew",607536,"Freeland, Kyle"
823102,2026-08-08,Seattle Mariners,Tampa Bay Rays,669923,"Kirby, George",668984,"Legumina, Casey"
823188,2026-08-08,San Francisco Giants,Detroit Tigers,694738,"Roupp, Landen",695549,"Jobe, Jackson"
823267,2026-08-08,San Diego Padres,Houston Astros,650633,"King, Michael",663567,"Lambert, Peter"
823348,2026-08-08,Pittsburgh Pirates,New York Mets,696149,"Chandler, Bubba",476594,"Stock, Robert"
823426,2026-08-08,Philadelphia Phillies,Toronto Blue Jays,605400,"Nola, Aaron",453286,"Scherzer, Max"
823514,2026-08-08,New York Yankees,Atlanta Braves,543037,"Cole, Gerrit",519242,"Sale, Chris"
823752,2026-08-08,Milwaukee Brewers,Minnesota Twins,688107,"Gasser, Robert",671737,"Bradley, Taj"
823834,2026-08-08,Miami Marlins,Los Angeles Angels,645261,"Alcantara, Sandy",700712,"Ureña, Walbert"
824079,2026-08-08,Kansas City Royals,Chicago Cubs,607625,"Lugo, Seth",605280,"Holmes, Clay"
824565,2026-08-08,Chicago White Sox,Cleveland Guardians,641743,"Kay, Anthony",668909,"Williams, Gavin"
824726,2026-08-08,Boston Red Sox,Athletics,687562,"Bennett, Jake",695611,"Jump, Gage"
825049,2026-08-08,Arizona Diamondbacks,Los Angeles Dodgers,694297,"Pfaadt, Brandon",808967,"Yamamoto, Yoshinobu"
822700,2026-08-09,Washington Nationals,Cincinnati Reds,695418,"Lord, Brad",663903,"Singer, Brady"
822862,2026-08-09,Texas Rangers,Baltimore Orioles,677958,"Rocker, Kumar",700249,"Povich, Cade"
823020,2026-08-09,St. Louis Cardinals,Colorado Rockies,700241,"McGreevy, Michael",547179,"Lorenzen, Michael"
823104,2026-08-09,Seattle Mariners,Tampa Bay Rays,676106,"Hancock, Emerson",693855,"Seymour, Ian"
823190,2026-08-09,San Francisco Giants,Detroit Tigers,657277,"Webb, Logan",675512,"Melton, Troy"
823268,2026-08-09,San Diego Padres,Houston Astros,681190,"Vásquez, Randy",664299,"Javier, Cristian"
823345,2026-08-09,Pittsburgh Pirates,New York Mets,683003,"Jones, Jared",640455,"Manaea, Sean"
823425,2026-08-09,Philadelphia Phillies,Toronto Blue Jays,666200,"Luzardo, Jesús",669456,"Bieber, Shane"
823513,2026-08-09,New York Yankees,Atlanta Braves,693645,"Schlittler, Cam",656550,"Holmes, Grant"
823751,2026-08-09,Milwaukee Brewers,Minnesota Twins,694819,"Misiorowski, Jacob",687570,"Prielipp, Connor"
823835,2026-08-09,Miami Marlins,Los Angeles Angels,687473,"Gusto, Ryan",680570,"Rodriguez, Grayson"
824078,2026-08-09,Kansas City Royals,Chicago Cubs,677976,"Dobnak, Randy",571510,"Boyd, Matthew"
824564,2026-08-09,Chicago White Sox,Cleveland Guardians,663436,"Martin, Davis",676282,"Cantillo, Joey"
824724,2026-08-09,Boston Red Sox,Athletics,669062,"Miller, Erik",669372,"Ginn, J.T."
825050,2026-08-09,Arizona Diamondbacks,Los Angeles Dodgers,593958,"Rodriguez, Eduardo",680736,"Wrobleski, Justin"
822780,2026-08-10,Toronto Blue Jays,Boston Red Sox,592791,"Taillon, Jameson",543243,"Gray, Sonny"
823018,2026-08-10,St. Louis Cardinals,Philadelphia Phillies,690928,"Dobbins, Hunter",691725,"Painter, Andrew"
823189,2026-08-10,San Francisco Giants,Houston Astros,694918,"Tidwell, Blade",669713,"Wesneski, Hayden"
823265,2026-08-10,San Diego Padres,Milwaukee Brewers,663554,"Mize, Casey",701656,"Henderson, Logan"
823675,2026-08-10,Minnesota Twins,Baltimore Orioles,665152,"Kremer, Dean",669432,"Rogers, Trevor"
823918,2026-08-10,Los Angeles Dodgers,Kansas City Royals,669373,"Skubal, Tarik",702070,"Cameron, Noah"
823998,2026-08-10,Los Angeles Angels,Texas Rangers,672282,"Detmers, Reid",669022,"Gore, MacKenzie"
824887,2026-08-10,Atlanta Braves,New York Mets,693821,"Elder, Bryce",681035,"Scott, Christian"
824969,2026-08-10,Athletics,Tampa Bay Rays,682052,"Lopez, Jacob",642547,"Peralta, Freddy"
825048,2026-08-10,Arizona Diamondbacks,Colorado Rockies,647336,"Soroka, Michael",687312,"Hughes, Gabriel"
822697,2026-08-11,Washington Nationals,Chicago Cubs,663623,"Irvin, Jake",684007,"Imanaga, Shota"
822778,2026-08-11,Toronto Blue Jays,Boston Red Sox,656302,"Cease, Dylan",663776,"Sandoval, Patrick"
823019,2026-08-11,St. Louis Cardinals,Philadelphia Phillies,669467,"Pallante, Andre",650911,"Sánchez, Cristopher"
823186,2026-08-11,San Francisco Giants,Houston Astros,687931,"Whisenhunt, Carson",686613,"Brown, Hunter"
823264,2026-08-11,San Diego Padres,Milwaukee Brewers,621111,"Buehler, Walker",690986,"Harrison, Kyle"
823512,2026-08-11,New York Yankees,Seattle Mariners,677960,"Weathers, Ryan",693433,"Woo, Bryan"
823673,2026-08-11,Minnesota Twins,Baltimore Orioles,641927,"Ober, Bailey",687064,"Young, Brandon"
823832,2026-08-11,Miami Marlins,Pittsburgh Pirates,691587,"Pérez, Eury",694973,"Skenes, Paul"
823917,2026-08-11,Los Angeles Dodgers,Kansas City Royals,605483,"Snell, Blake",608379,"Wacha, Michael"
823997,2026-08-11,Los Angeles Angels,Texas Rangers,696270,"Johnson, Ryan",674003,"Bradford, Cody"
824240,2026-08-11,Detroit Tigers,Cleveland Guardians,623454,"Anderson, Drew",676440,"Bibee, Tanner"
824563,2026-08-11,Chicago White Sox,Cincinnati Reds,680732,"Burke, Sean",666157,"Lodolo, Nick"
824886,2026-08-11,Atlanta Braves,New York Mets,527048,"Pérez, Martín",690997,"McLean, Nolan"
824970,2026-08-11,Athletics,Tampa Bay Rays,686930,"Barnett, Mason",607259,"Martinez, Nick"
825046,2026-08-11,Arizona Diamondbacks,Colorado Rockies,683352,"Bratt, Mitch",608372,"Sugano, Tomoyuki"
822698,2026-08-12,Washington Nationals,Chicago Cubs,800600,"Kent, Jackson",656849,"Peterson, David"
822779,2026-08-12,Toronto Blue Jays,Boston Red Sox,667755,"Soriano, José",624133,"Suarez, Ranger"
823017,2026-08-12,St. Louis Cardinals,Philadelphia Phillies,681517,"Leahy, Kyle",554430,"Wheeler, Zack"
823187,2026-08-12,San Francisco Giants,Houston Astros,605288,"Houser, Adrian",687911,"King, Bryan"
823263,2026-08-12,San Diego Padres,Milwaukee Brewers,592662,"Ray, Robbie",669160,"May, Dustin"
823511,2026-08-12,New York Yankees,Seattle Mariners,701542,"Warren, Will",682243,"Miller, Bryce"
823672,2026-08-12,Minnesota Twins,Baltimore Orioles,805673,"Matthews, Zebby",669358,"Baz, Shane"
823833,2026-08-12,Miami Marlins,Pittsburgh Pirates,676083,"Junk, Janson",669387,"Mlodzinski, Carmen"
823916,2026-08-12,Los Angeles Dodgers,Kansas City Royals,641778,"Lauer, Eric",663738,"Lynch IV, Daniel"
823994,2026-08-12,Los Angeles Angels,Texas Rangers,691946,"Klassen, George",615698,"Quantrill, Cal"
824241,2026-08-12,Detroit Tigers,Cleveland Guardians,664285,"Valdez, Framber",656492,"Griffin, Foster"
824562,2026-08-12,Chicago White Sox,Cincinnati Reds,622491,"Castillo, Luis",695076,"Lowder, Rhett"
824883,2026-08-12,Atlanta Braves,New York Mets,641816,"Mahle, Tyler",804267,"Thornton, Zac"
824967,2026-08-12,Athletics,Tampa Bay Rays,678022,"Perkins, Jack",656876,"Rasmussen, Drew"
825047,2026-08-12,Arizona Diamondbacks,Colorado Rockies,518876,"Kelly, Merrill",663372,"Feltner, Ryan"
822696,2026-08-13,Washington Nationals,Chicago Cubs,676917,"Cavalli, Cade",592332,"Gausman, Kevin"
822776,2026-08-13,Toronto Blue Jays,Boston Red Sox,453286,"Scherzer, Max",801139,"Tolle, Payton"
823508,2026-08-13,New York Yankees,Seattle Mariners,608331,"Fried, Max",669302,"Gilbert, Logan"
823669,2026-08-13,Minnesota Twins,Philadelphia Phillies,671737,"Bradley, Taj",605400,"Nola, Aaron"
823829,2026-08-13,Miami Marlins,Pittsburgh Pirates,663969,"Phillips, Tyler",677952,"Ashcraft, Braxton"
823915,2026-08-13,Los Angeles Dodgers,Milwaukee Brewers,808963,"Sasaki, Roki",675660,"Drohan, Shane"
823995,2026-08-13,Los Angeles Angels,Texas Rangers,700712,"Ureña, Walbert",594798,"deGrom, Jacob"
824238,2026-08-13,Detroit Tigers,Cleveland Guardians,672456,"Montero, Keider",800048,"Messick, Parker"
824561,2026-08-13,Chicago White Sox,Cincinnati Reds,663436,"Martin, Davis",671096,"Abbott, Andrew"
822777,2026-08-14,Toronto Blue Jays,New York Yankees,669456,"Bieber, Shane",543037,"Cole, Gerrit"
822942,2026-08-14,Tampa Bay Rays,Baltimore Orioles,571927,"Matz, Steven",605135,"Bassitt, Chris"
823185,2026-08-14,San Francisco Giants,Colorado Rockies,694738,"Roupp, Landen",607536,"Freeland, Kyle"
823346,2026-08-14,Pittsburgh Pirates,Boston Red Sox,696149,"Chandler, Bubba",687562,"Bennett, Jake"
823591,2026-08-14,New York Mets,Washington Nationals,476594,"Stock, Robert",674841,"Alvarez, Andrew"
823913,2026-08-14,Los Angeles Dodgers,Milwaukee Brewers,808967,"Yamamoto, Yoshinobu",688107,"Gasser, Robert"
823993,2026-08-14,Los Angeles Angels,Kansas City Royals,680570,"Rodriguez, Grayson",607625,"Lugo, Seth"
824159,2026-08-14,Houston Astros,Seattle Mariners,663567,"Lambert, Peter",669923,"Kirby, George"
824237,2026-08-14,Detroit Tigers,Chicago White Sox,695549,"Jobe, Jackson",656794,"Newcomb, Sean"
824399,2026-08-14,Cleveland Guardians,San Diego Padres,668909,"Williams, Gavin",650633,"King, Michael"
824479,2026-08-14,Cincinnati Reds,Miami Marlins,695505,"Burns, Chase",645261,"Alcantara, Sandy"
824643,2026-08-14,Chicago Cubs,St. Louis Cardinals,605280,"Holmes, Clay",669461,"Liberatore, Matthew"
824882,2026-08-14,Atlanta Braves,Arizona Diamondbacks,519242,"Sale, Chris",694297,"Pfaadt, Brandon"
824968,2026-08-14,Athletics,Texas Rangers,695611,"Jump, Gage",677958,"Rocker, Kumar"
822775,2026-08-15,Toronto Blue Jays,New York Yankees,680755,"Fisher, Braydon",693645,"Schlittler, Cam"
822941,2026-08-15,Tampa Bay Rays,Baltimore Orioles,693855,"Seymour, Ian",680694,"Bradish, Kyle"
823184,2026-08-15,San Francisco Giants,Colorado Rockies,657277,"Webb, Logan",547179,"Lorenzen, Michael"
823347,2026-08-15,Pittsburgh Pirates,Boston Red Sox,683003,"Jones, Jared",543243,"Gray, Sonny"
823588,2026-08-15,New York Mets,Washington Nationals,640455,"Manaea, Sean",695418,"Lord, Brad"
823671,2026-08-15,Minnesota Twins,Philadelphia Phillies,687570,"Prielipp, Connor",666200,"Luzardo, Jesús"
823914,2026-08-15,Los Angeles Dodgers,Milwaukee Brewers,680736,"Wrobleski, Justin",694819,"Misiorowski, Jacob"
823990,2026-08-15,Los Angeles Angels,Kansas City Royals,672282,"Detmers, Reid",677976,"Dobnak, Randy"
824157,2026-08-15,Houston Astros,Seattle Mariners,669713,"Wesneski, Hayden",676106,"Hancock, Emerson"
824239,2026-08-15,Detroit Tigers,Chicago White Sox,675512,"Melton, Troy",641743,"Kay, Anthony"
824400,2026-08-15,Cleveland Guardians,San Diego Padres,676282,"Cantillo, Joey",593974,"Peralta, Wandy"
824480,2026-08-15,Cincinnati Reds,Miami Marlins,663903,"Singer, Brady",687473,"Gusto, Ryan"
824644,2026-08-15,Chicago Cubs,St. Louis Cardinals,571510,"Boyd, Matthew",700241,"McGreevy, Michael"
824884,2026-08-15,Atlanta Braves,Arizona Diamondbacks,656550,"Holmes, Grant",593958,"Rodriguez, Eduardo"
824966,2026-08-15,Athletics,Texas Rangers,669372,"Ginn, J.T.",669022,"Gore, MacKenzie"
822774,2026-08-16,Toronto Blue Jays,New York Yankees,656302,"Cease, Dylan",677960,"Weathers, Ryan"
822940,2026-08-16,Tampa Bay Rays,Baltimore Orioles,642547,"Peralta, Freddy",669432,"Rogers, Trevor"
823182,2026-08-16,San Francisco Giants,Colorado Rockies,694918,"Tidwell, Blade",687312,"Hughes, Gabriel"
823344,2026-08-16,Pittsburgh Pirates,Boston Red Sox,669199,"Bachar, Lake",663776,"Sandoval, Patrick"
823590,2026-08-16,New York Mets,Washington Nationals,681035,"Scott, Christian",663623,"Irvin, Jake"
823670,2026-08-16,Minnesota Twins,Philadelphia Phillies,665152,"Kremer, Dean",691725,"Painter, Andrew"
823912,2026-08-16,Los Angeles Dodgers,Milwaukee Brewers,669373,"Skubal, Tarik",701656,"Henderson, Logan"
823991,2026-08-16,Los Angeles Angels,Kansas City Royals,696270,"Johnson, Ryan",702070,"Cameron, Noah"
824156,2026-08-16,Houston Astros,Seattle Mariners,686613,"Brown, Hunter",693433,"Woo, Bryan"
824236,2026-08-16,Detroit Tigers,Chicago White Sox,623454,"Anderson, Drew",680732,"Burke, Sean"
824397,2026-08-16,Cleveland Guardians,San Diego Padres,676440,"Bibee, Tanner",663554,"Mize, Casey"
824477,2026-08-16,Cincinnati Reds,Miami Marlins,666157,"Lodolo, Nick",691587,"Pérez, Eury"
824642,2026-08-16,Chicago Cubs,St. Louis Cardinals,665795,"Cabrera, Edward",690928,"Dobbins, Hunter"
824880,2026-08-16,Atlanta Braves,Arizona Diamondbacks,693821,"Elder, Bryce",647336,"Soroka, Michael"
824965,2026-08-16,Athletics,Texas Rangers,682052,"Lopez, Jacob",674003,"Bradford, Cody"
822939,2026-08-17,Tampa Bay Rays,Baltimore Orioles,663556,"McClanahan, Shane",687064,"Young, Brandon"
823343,2026-08-17,Pittsburgh Pirates,Detroit Tigers,669387,"Mlodzinski, Carmen",664285,"Valdez, Framber"
823427,2026-08-17,Philadelphia Phillies,Miami Marlins,650911,"Sánchez, Cristopher",676083,"Junk, Janson"
823589,2026-08-17,New York Mets,San Diego Padres,690997,"McLean, Nolan",621111,"Buehler, Walker"
823668,2026-08-17,Minnesota Twins,Atlanta Braves,641927,"Ober, Bailey",527048,"Pérez, Martín"
824077,2026-08-17,Kansas City Royals,Athletics,608379,"Wacha, Michael",686930,"Barnett, Mason"
824320,2026-08-17,Colorado Rockies,Los Angeles Dodgers,608372,"Sugano, Tomoyuki",605483,"Snell, Blake"
824478,2026-08-17,Cincinnati Reds,St. Louis Cardinals,695076,"Lowder, Rhett",669467,"Pallante, Andre"
824514,2026-08-17,Cincinnati Reds,St. Louis Cardinals,592288,"Emanuel, Kent",687273,"Mathews, Quinn"
824641,2026-08-17,Chicago Cubs,Chicago White Sox,684007,"Imanaga, Shota",622491,"Castillo, Luis"
824725,2026-08-17,Boston Red Sox,Arizona Diamondbacks,687941,"Gamboa, Alec",683352,"Bratt, Mitch"
822859,2026-08-18,Texas Rangers,Washington Nationals,615698,"Quantrill, Cal",800600,"Kent, Jackson"
822938,2026-08-18,Tampa Bay Rays,Toronto Blue Jays,607259,"Martinez, Nick",667755,"Soriano, José"
823341,2026-08-18,Pittsburgh Pirates,Detroit Tigers,677952,"Ashcraft, Braxton",672456,"Montero, Keider"
823423,2026-08-18,Philadelphia Phillies,Miami Marlins,554430,"Wheeler, Zack",806188,"Gibson, Cade"
823586,2026-08-18,New York Mets,San Diego Padres,804267,"Thornton, Zac",592662,"Ray, Robbie"
823667,2026-08-18,Minnesota Twins,Atlanta Braves,805673,"Matthews, Zebby",641816,"Mahle, Tyler"
823749,2026-08-18,Milwaukee Brewers,Seattle Mariners,690986,"Harrison, Kyle",682243,"Miller, Bryce"
824075,2026-08-18,Kansas City Royals,Athletics,663738,"Lynch IV, Daniel",669620,"Basso, Brady"
824154,2026-08-18,Houston Astros,Los Angeles Angels,664299,"Javier, Cristian",691946,"Klassen, George"
824319,2026-08-18,Colorado Rockies,Los Angeles Dodgers,663372,"Feltner, Ryan",641778,"Lauer, Eric"
824398,2026-08-18,Cleveland Guardians,San Francisco Giants,656492,"Griffin, Foster",687931,"Whisenhunt, Carson"
824475,2026-08-18,Cincinnati Reds,St. Louis Cardinals,671096,"Abbott, Andrew",681517,"Leahy, Kyle"
824639,2026-08-18,Chicago Cubs,Chicago White Sox,592332,"Gausman, Kevin",663542,"Hudson, Bryan"
824723,2026-08-18,Boston Red Sox,Arizona Diamondbacks,624133,"Suarez, Ranger",518876,"Kelly, Merrill"
824803,2026-08-18,Baltimore Orioles,New York Yankees,669358,"Baz, Shane",607074,"Rodón, Carlos"
822860,2026-08-19,Texas Rangers,Washington Nationals,677958,"Rocker, Kumar",676917,"Cavalli, Cade"
822937,2026-08-19,Tampa Bay Rays,Toronto Blue Jays,656876,"Rasmussen, Drew",453286,"Scherzer, Max"
823342,2026-08-19,Pittsburgh Pirates,Detroit Tigers,694973,"Skenes, Paul",695549,"Jobe, Jackson"
823424,2026-08-19,Philadelphia Phillies,Miami Marlins,605400,"Nola, Aaron",645261,"Alcantara, Sandy"
823587,2026-08-19,New York Mets,San Diego Padres,476594,"Stock, Robert",650633,"King, Michael"
823664,2026-08-19,Minnesota Twins,Atlanta Braves,671737,"Bradley, Taj",700363,"Smith-Shawver, AJ"
823748,2026-08-19,Milwaukee Brewers,Seattle Mariners,669160,"May, Dustin",669302,"Gilbert, Logan"
824076,2026-08-19,Kansas City Royals,Athletics,607625,"Lugo, Seth",605488,"Springs, Jeffrey"
824155,2026-08-19,Houston Astros,Los Angeles Angels,814490,"Pecko, Ethan",700712,"Ureña, Walbert"
824318,2026-08-19,Colorado Rockies,Los Angeles Dodgers,607536,"Freeland, Kyle",808963,"Sasaki, Roki"
824394,2026-08-19,Cleveland Guardians,San Francisco Giants,800048,"Messick, Parker",683363,"Wilkinson, Matt"
824476,2026-08-19,Cincinnati Reds,St. Louis Cardinals,695505,"Burns, Chase",669461,"Liberatore, Matthew"
824640,2026-08-19,Chicago Cubs,Chicago White Sox,605280,"Holmes, Clay",656794,"Newcomb, Sean"
824722,2026-08-19,Boston Red Sox,Arizona Diamondbacks,801139,"Tolle, Payton",694297,"Pfaadt, Brandon"
824801,2026-08-19,Baltimore Orioles,New York Yankees,605135,"Bassitt, Chris",701542,"Warren, Will"
822861,2026-08-20,Texas Rangers,Washington Nationals,594798,"deGrom, Jacob",674841,"Alvarez, Andrew"
822934,2026-08-20,Tampa Bay Rays,Toronto Blue Jays,693855,"Seymour, Ian",669456,"Bieber, Shane"
823747,2026-08-20,Milwaukee Brewers,Seattle Mariners,688107,"Gasser, Robert",669923,"Kirby, George"
824074,2026-08-20,Kansas City Royals,Athletics,677976,"Dobnak, Randy",695611,"Jump, Gage"
824153,2026-08-20,Houston Astros,Los Angeles Angels,663567,"Lambert, Peter",680570,"Rodriguez, Grayson"
824395,2026-08-20,Cleveland Guardians,San Francisco Giants,668909,"Williams, Gavin",694738,"Roupp, Landen"
824474,2026-08-20,Cincinnati Reds,St. Louis Cardinals,663903,"Singer, Brady",700241,"McGreevy, Michael"
824589,2026-08-20,Chicago White Sox,Atlanta Braves,641743,"Kay, Anthony",656550,"Holmes, Grant"
824802,2026-08-20,Baltimore Orioles,New York Yankees,680694,"Bradish, Kyle",543037,"Cole, Gerrit"
822857,2026-08-21,Texas Rangers,Los Angeles Angels,669022,"Gore, MacKenzie",672282,"Detmers, Reid"
823101,2026-08-21,Seattle Mariners,Chicago Cubs,676106,"Hancock, Emerson",571510,"Boyd, Matthew"
823262,2026-08-21,San Diego Padres,Minnesota Twins,681190,"Vásquez, Randy",687570,"Prielipp, Connor"
823420,2026-08-21,Philadelphia Phillies,St. Louis Cardinals,666200,"Luzardo, Jesús",690928,"Dobbins, Hunter"
823510,2026-08-21,New York Yankees,Toronto Blue Jays,693645,"Schlittler, Cam",689254,"Fluharty, Mason"
823746,2026-08-21,Milwaukee Brewers,Atlanta Braves,694819,"Misiorowski, Jacob",519242,"Sale, Chris"
823830,2026-08-21,Miami Marlins,Washington Nationals,687473,"Gusto, Ryan",695418,"Lord, Brad"
823911,2026-08-21,Los Angeles Dodgers,Pittsburgh Pirates,808967,"Yamamoto, Yoshinobu",696149,"Chandler, Bubba"
824072,2026-08-21,Kansas City Royals,Detroit Tigers,702070,"Cameron, Noah",675512,"Melton, Troy"
824152,2026-08-21,Houston Astros,Athletics,669713,"Wesneski, Hayden",669372,"Ginn, J.T."
824317,2026-08-21,Colorado Rockies,Cleveland Guardians,685299,"Gordon, Tanner",676282,"Cantillo, Joey"
824559,2026-08-21,Chicago White Sox,New York Mets,680732,"Burke, Sean",640455,"Manaea, Sean"
824721,2026-08-21,Boston Red Sox,San Francisco Giants,543243,"Gray, Sonny",657277,"Webb, Logan"
824800,2026-08-21,Baltimore Orioles,Tampa Bay Rays,669432,"Rogers, Trevor",642547,"Peralta, Freddy"
825045,2026-08-21,Arizona Diamondbacks,Cincinnati Reds,593958,"Rodriguez, Eduardo",666157,"Lodolo, Nick"
822858,2026-08-22,Texas Rangers,Los Angeles Angels,674003,"Bradford, Cody",696270,"Johnson, Ryan"
823100,2026-08-22,Seattle Mariners,Chicago Cubs,807739,"Anderson, Kade",656849,"Peterson, David"
823261,2026-08-22,San Diego Padres,Minnesota Twins,663554,"Mize, Casey",665152,"Kremer, Dean"
823422,2026-08-22,Philadelphia Phillies,St. Louis Cardinals,691725,"Painter, Andrew",687273,"Mathews, Quinn"
823509,2026-08-22,New York Yankees,Toronto Blue Jays,677960,"Weathers, Ryan",656302,"Cease, Dylan"
823743,2026-08-22,Milwaukee Brewers,Atlanta Braves,701656,"Henderson, Logan",527048,"Pérez, Martín"
823831,2026-08-22,Miami Marlins,Washington Nationals,691587,"Pérez, Eury",663623,"Irvin, Jake"
823910,2026-08-22,Los Angeles Dodgers,Pittsburgh Pirates,669373,"Skubal, Tarik",683003,"Jones, Jared"
824073,2026-08-22,Kansas City Royals,Detroit Tigers,608379,"Wacha, Michael",623454,"Anderson, Drew"
824151,2026-08-22,Houston Astros,Athletics,686613,"Brown, Hunter",682052,"Lopez, Jacob"
824316,2026-08-22,Colorado Rockies,Cleveland Guardians,687312,"Hughes, Gabriel",676440,"Bibee, Tanner"
824560,2026-08-22,Chicago White Sox,New York Mets,622491,"Castillo, Luis",681035,"Scott, Christian"
824718,2026-08-22,Boston Red Sox,San Francisco Giants,663776,"Sandoval, Patrick",694918,"Tidwell, Blade"
824798,2026-08-22,Baltimore Orioles,Tampa Bay Rays,687064,"Young, Brandon",663556,"McClanahan, Shane"
825044,2026-08-22,Arizona Diamondbacks,Cincinnati Reds,647336,"Soroka, Michael",695076,"Lowder, Rhett"
822856,2026-08-23,Texas Rangers,Los Angeles Angels,615698,"Quantrill, Cal",579328,"Kikuchi, Yusei"
823099,2026-08-23,Seattle Mariners,Chicago Cubs,682243,"Miller, Bryce",684007,"Imanaga, Shota"
823258,2026-08-23,San Diego Padres,Minnesota Twins,621111,"Buehler, Walker",641927,"Ober, Bailey"
823421,2026-08-23,Philadelphia Phillies,St. Louis Cardinals,650911,"Sánchez, Cristopher",681517,"Leahy, Kyle"
823507,2026-08-23,New York Yankees,Toronto Blue Jays,607074,"Rodón, Carlos",667755,"Soriano, José"
823745,2026-08-23,Milwaukee Brewers,Atlanta Braves,675660,"Drohan, Shane",641816,"Mahle, Tyler"
823827,2026-08-23,Miami Marlins,Washington Nationals,676083,"Junk, Janson",800600,"Kent, Jackson"
823909,2026-08-23,Los Angeles Dodgers,Pittsburgh Pirates,605483,"Snell, Blake",669199,"Bachar, Lake"
824071,2026-08-23,Kansas City Royals,Detroit Tigers,663738,"Lynch IV, Daniel",621097,"Waguespack, Jacob"
824150,2026-08-23,Houston Astros,Athletics,664299,"Javier, Cristian",669620,"Basso, Brady"
824315,2026-08-23,Colorado Rockies,Cleveland Guardians,608372,"Sugano, Tomoyuki",656492,"Griffin, Foster"
824558,2026-08-23,Chicago White Sox,New York Mets,656794,"Newcomb, Sean",690997,"McLean, Nolan"
824720,2026-08-23,Boston Red Sox,San Francisco Giants,687562,"Bennett, Jake",683363,"Wilkinson, Matt"
824799,2026-08-23,Baltimore Orioles,Tampa Bay Rays,669358,"Baz, Shane",607259,"Martinez, Nick"
825043,2026-08-23,Arizona Diamondbacks,Cincinnati Reds,683352,"Bratt, Mitch",671096,"Abbott, Andrew"
822695,2026-08-24,Washington Nationals,Colorado Rockies,676917,"Cavalli, Cade",663372,"Feltner, Ryan"
823097,2026-08-24,Seattle Mariners,Philadelphia Phillies,669302,"Gilbert, Logan",554430,"Wheeler, Zack"
823183,2026-08-24,San Francisco Giants,Cincinnati Reds,687931,"Whisenhunt, Carson",695505,"Burns, Chase"
823260,2026-08-24,San Diego Padres,Pittsburgh Pirates,592662,"Ray, Robbie",677952,"Ashcraft, Braxton"
823828,2026-08-24,Miami Marlins,Boston Red Sox,645261,"Alcantara, Sandy",624133,"Suarez, Ranger"
823992,2026-08-24,Los Angeles Angels,Cleveland Guardians,691946,"Klassen, George",800048,"Messick, Parker"
824235,2026-08-24,Detroit Tigers,Tampa Bay Rays,664285,"Valdez, Framber",656876,"Rasmussen, Drew"
824557,2026-08-24,Chicago White Sox,Texas Rangers,664353,"Urquidy, José",677958,"Rocker, Kumar"
824964,2026-08-24,Athletics,Minnesota Twins,605488,"Springs, Jeffrey",805673,"Matthews, Zebby"
825041,2026-08-24,Arizona Diamondbacks,Chicago Cubs,518876,"Kelly, Merrill",592332,"Gausman, Kevin"
822693,2026-08-25,Washington Nationals,Colorado Rockies,674841,"Alvarez, Andrew",690279,"Adams, Mason"
822773,2026-08-25,Toronto Blue Jays,Kansas City Royals,453286,"Scherzer, Max",607625,"Lugo, Seth"
823016,2026-08-25,St. Louis Cardinals,Baltimore Orioles,669461,"Liberatore, Matthew",605135,"Bassitt, Chris"
823098,2026-08-25,Seattle Mariners,Philadelphia Phillies,669923,"Kirby, George",605400,"Nola, Aaron"
823181,2026-08-25,San Francisco Giants,Cincinnati Reds,605288,"Houser, Adrian",663903,"Singer, Brady"
823259,2026-08-25,San Diego Padres,Pittsburgh Pirates,650633,"King, Michael",694973,"Skenes, Paul"
823505,2026-08-25,New York Yankees,Houston Astros,701542,"Warren, Will",814490,"Pecko, Ethan"
823585,2026-08-25,New York Mets,Milwaukee Brewers,804267,"Thornton, Zac",690986,"Harrison, Kyle"
823826,2026-08-25,Miami Marlins,Boston Red Sox,663969,"Phillips, Tyler",801139,"Tolle, Payton"
823989,2026-08-25,Los Angeles Angels,Cleveland Guardians,700712,"Ureña, Walbert",668909,"Williams, Gavin"
824233,2026-08-25,Detroit Tigers,Tampa Bay Rays,695549,"Jobe, Jackson",668984,"Legumina, Casey"
824556,2026-08-25,Chicago White Sox,Texas Rangers,641743,"Kay, Anthony",594798,"deGrom, Jacob"
824881,2026-08-25,Atlanta Braves,Los Angeles Dodgers,693821,"Elder, Bryce",607192,"Glasnow, Tyler"
824962,2026-08-25,Athletics,Minnesota Twins,695611,"Jump, Gage",671737,"Bradley, Taj"
825042,2026-08-25,Arizona Diamondbacks,Chicago Cubs,694297,"Pfaadt, Brandon",605280,"Holmes, Clay"
822692,2026-08-26,Washington Nationals,Colorado Rockies,663362,"Waldron, Matt",685299,"Gordon, Tanner"
822772,2026-08-26,Toronto Blue Jays,Kansas City Royals,693686,"Miles, Spencer",677976,"Dobnak, Randy"
823015,2026-08-26,St. Louis Cardinals,Baltimore Orioles,700241,"McGreevy, Michael",680694,"Bradish, Kyle"
823096,2026-08-26,Seattle Mariners,Philadelphia Phillies,693433,"Woo, Bryan",666200,"Luzardo, Jesús"
823180,2026-08-26,San Francisco Giants,Cincinnati Reds,657277,"Webb, Logan",666157,"Lodolo, Nick"
823255,2026-08-26,San Diego Padres,Pittsburgh Pirates,681190,"Vásquez, Randy",696149,"Chandler, Bubba"
823506,2026-08-26,New York Yankees,Houston Astros,695684,"Rodríguez, Elmer",663567,"Lambert, Peter"
823584,2026-08-26,New York Mets,Milwaukee Brewers,476594,"Stock, Robert",669160,"May, Dustin"
823825,2026-08-26,Miami Marlins,Boston Red Sox,687473,"Gusto, Ryan",543243,"Gray, Sonny"
823988,2026-08-26,Los Angeles Angels,Cleveland Guardians,680570,"Rodriguez, Grayson",676282,"Cantillo, Joey"
824234,2026-08-26,Detroit Tigers,Tampa Bay Rays,675512,"Melton, Troy",642547,"Peralta, Freddy"
824555,2026-08-26,Chicago White Sox,Texas Rangers,680732,"Burke, Sean",669022,"Gore, MacKenzie"
824878,2026-08-26,Atlanta Braves,Los Angeles Dodgers,700363,"Smith-Shawver, AJ",808963,"Sasaki, Roki"
824963,2026-08-26,Athletics,Minnesota Twins,669372,"Ginn, J.T.",687570,"Prielipp, Connor"
825039,2026-08-26,Arizona Diamondbacks,Chicago Cubs,593958,"Rodriguez, Eduardo",571510,"Boyd, Matthew"
822694,2026-08-27,Washington Nationals,Colorado Rockies,663623,"Irvin, Jake",687312,"Hughes, Gabriel"
822771,2026-08-27,Toronto Blue Jays,Kansas City Royals,681293,"Arrighetti, Spencer",702070,"Cameron, Noah"
823014,2026-08-27,St. Louis Cardinals,Baltimore Orioles,700669,"Graceffo, Gordon",669432,"Rogers, Trevor"
823179,2026-08-27,San Francisco Giants,Arizona Diamondbacks,694738,"Roupp, Landen",703615,"Cabrera, Jose"
823503,2026-08-27,New York Yankees,Houston Astros,543037,"Cole, Gerrit",669713,"Wesneski, Hayden"
823581,2026-08-27,New York Mets,Milwaukee Brewers,640455,"Manaea, Sean",694819,"Misiorowski, Jacob"
824879,2026-08-27,Atlanta Braves,Los Angeles Dodgers,519242,"Sale, Chris",808967,"Yamamoto, Yoshinobu"
822691,2026-08-28,Washington Nationals,Miami Marlins,800600,"Kent, Jackson",691587,"Pérez, Eury"
822769,2026-08-28,Toronto Blue Jays,Seattle Mariners,656302,"Cease, Dylan",676106,"Hancock, Emerson"
822935,2026-08-28,Tampa Bay Rays,San Diego Padres,663556,"McClanahan, Shane",663554,"Mize, Casey"
823013,2026-08-28,St. Louis Cardinals,Pittsburgh Pirates,687273,"Mathews, Quinn",683003,"Jones, Jared"
823178,2026-08-28,San Francisco Giants,Arizona Diamondbacks,694918,"Tidwell, Blade",684442,"Drake, Kohl"
823504,2026-08-28,New York Yankees,Boston Red Sox,693645,"Schlittler, Cam",663776,"Sandoval, Patrick"
823583,2026-08-28,New York Mets,Houston Astros,681035,"Scott, Christian",686613,"Brown, Hunter"
823666,2026-08-28,Minnesota Twins,Chicago White Sox,665152,"Kremer, Dean",622491,"Castillo, Luis"
823744,2026-08-28,Milwaukee Brewers,Texas Rangers,701656,"Henderson, Logan",674003,"Bradford, Cody"
823985,2026-08-28,Los Angeles Angels,Philadelphia Phillies,672282,"Detmers, Reid",691725,"Painter, Andrew"
824231,2026-08-28,Detroit Tigers,Los Angeles Dodgers,623454,"Anderson, Drew",669373,"Skubal, Tarik"
824396,2026-08-28,Cleveland Guardians,Kansas City Royals,676440,"Bibee, Tanner",608379,"Wacha, Michael"
824638,2026-08-28,Chicago Cubs,Cincinnati Reds,656849,"Peterson, David",695076,"Lowder, Rhett"
824877,2026-08-28,Atlanta Braves,Colorado Rockies,656550,"Holmes, Grant",608372,"Sugano, Tomoyuki"
824960,2026-08-28,Athletics,Baltimore Orioles,682052,"Lopez, Jacob",687064,"Young, Brandon"
822690,2026-08-29,Washington Nationals,Miami Marlins,676917,"Cavalli, Cade",645261,"Alcantara, Sandy"
822770,2026-08-29,Toronto Blue Jays,Seattle Mariners,667755,"Soriano, José",807739,"Anderson, Kade"
822936,2026-08-29,Tampa Bay Rays,San Diego Padres,607259,"Martinez, Nick",621111,"Buehler, Walker"
823011,2026-08-29,St. Louis Cardinals,Pittsburgh Pirates,681517,"Leahy, Kyle",669199,"Bachar, Lake"
823176,2026-08-29,San Francisco Giants,Arizona Diamondbacks,805074,"Marte, Yunior",683352,"Bratt, Mitch"
823177,2026-08-29,San Francisco Giants,Arizona Diamondbacks,683363,"Wilkinson, Matt",518876,"Kelly, Merrill"
823501,2026-08-29,New York Yankees,Boston Red Sox,608331,"Fried, Max",687941,"Gamboa, Alec"
823539,2026-08-29,New York Yankees,Boston Red Sox,607074,"Rodón, Carlos",687562,"Bennett, Jake"
823582,2026-08-29,New York Mets,Houston Astros,690997,"McLean, Nolan",656986,"Sousa, Bennett"
823665,2026-08-29,Minnesota Twins,Chicago White Sox,641927,"Ober, Bailey",607200,"Fedde, Erick"
823741,2026-08-29,Milwaukee Brewers,Texas Rangers,675660,"Drohan, Shane",615698,"Quantrill, Cal"
823986,2026-08-29,Los Angeles Angels,Philadelphia Phillies,696270,"Johnson, Ryan",650911,"Sánchez, Cristopher"
824230,2026-08-29,Detroit Tigers,Los Angeles Dodgers,672456,"Montero, Keider",605483,"Snell, Blake"
824392,2026-08-29,Cleveland Guardians,Kansas City Royals,656492,"Griffin, Foster",663738,"Lynch IV, Daniel"
824637,2026-08-29,Chicago Cubs,Cincinnati Reds,592332,"Gausman, Kevin",671096,"Abbott, Andrew"
824874,2026-08-29,Atlanta Braves,Colorado Rockies,527048,"Pérez, Martín",688642,"Agnos, Zach"
824961,2026-08-29,Athletics,Baltimore Orioles,678022,"Perkins, Jack",669358,"Baz, Shane"
822688,2026-08-30,Washington Nationals,Miami Marlins,674841,"Alvarez, Andrew",676083,"Junk, Janson"
822766,2026-08-30,Toronto Blue Jays,Seattle Mariners,453286,"Scherzer, Max",669302,"Gilbert, Logan"
822933,2026-08-30,Tampa Bay Rays,San Diego Padres,656876,"Rasmussen, Drew",592662,"Ray, Robbie"
823010,2026-08-30,St. Louis Cardinals,Pittsburgh Pirates,669461,"Liberatore, Matthew",677952,"Ashcraft, Braxton"
823502,2026-08-30,New York Yankees,Boston Red Sox,701542,"Warren, Will",624133,"Suarez, Ranger"
823580,2026-08-30,New York Mets,Houston Astros,804267,"Thornton, Zac",814490,"Pecko, Ethan"
823662,2026-08-30,Minnesota Twins,Chicago White Sox,805673,"Matthews, Zebby",663855,"Hicks, Jordan"
823740,2026-08-30,Milwaukee Brewers,Texas Rangers,669160,"May, Dustin",677958,"Rocker, Kumar"
823987,2026-08-30,Los Angeles Angels,Philadelphia Phillies,579328,"Kikuchi, Yusei",554430,"Wheeler, Zack"
824232,2026-08-30,Detroit Tigers,Los Angeles Dodgers,664285,"Valdez, Framber",607192,"Glasnow, Tyler"
824393,2026-08-30,Cleveland Guardians,Kansas City Royals,800048,"Messick, Parker",607625,"Lugo, Seth"
824636,2026-08-30,Chicago Cubs,Cincinnati Reds,684007,"Imanaga, Shota",695505,"Burns, Chase"
824876,2026-08-30,Atlanta Braves,Colorado Rockies,641816,"Mahle, Tyler",690279,"Adams, Mason"
824959,2026-08-30,Athletics,Baltimore Orioles,605488,"Springs, Jeffrey",605135,"Bassitt, Chris"
822689,2026-08-31,Washington Nationals,Miami Marlins,702021,"Dion, Will",687473,"Gusto, Ryan"
822855,2026-08-31,Texas Rangers,Athletics,594798,"deGrom, Jacob",695611,"Jump, Gage"
822932,2026-08-31,Tampa Bay Rays,New York Mets,693855,"Seymour, Ian",476594,"Stock, Robert"
823663,2026-08-31,Minnesota Twins,Detroit Tigers,671737,"Bradley, Taj",695549,"Jobe, Jackson"
823982,2026-08-31,Los Angeles Angels,New York Yankees,700712,"Ureña, Walbert",695684,"Rodríguez, Elmer"
824149,2026-08-31,Houston Astros,Chicago White Sox,663567,"Lambert, Peter",641743,"Kay, Anthony"
824314,2026-08-31,Colorado Rockies,Baltimore Orioles,685299,"Gordon, Tanner",700249,"Povich, Cade"
824473,2026-08-31,Cincinnati Reds,San Diego Padres,663903,"Singer, Brady",650633,"King, Michael"
824635,2026-08-31,Chicago Cubs,Milwaukee Brewers,605280,"Holmes, Clay",690986,"Harrison, Kyle"
824719,2026-08-31,Boston Red Sox,Seattle Mariners,801139,"Tolle, Payton",669923,"Kirby, George"
824911,2026-08-31,Atlanta Braves,San Francisco Giants,693821,"Elder, Bryce",683627,"Molina, Anthony"
825040,2026-08-31,Arizona Diamondbacks,Philadelphia Phillies,694297,"Pfaadt, Brandon",605400,"Nola, Aaron"
822687,2026-09-01,Washington Nationals,Atlanta Braves,663623,"Irvin, Jake",700363,"Smith-Shawver, AJ"
822854,2026-09-01,Texas Rangers,Athletics,669022,"Gore, MacKenzie",669620,"Basso, Brady"
822929,2026-09-01,Tampa Bay Rays,New York Mets,642547,"Peralta, Freddy",640455,"Manaea, Sean"
823340,2026-09-01,Pittsburgh Pirates,San Francisco Giants,694973,"Skenes, Paul",657277,"Webb, Logan"
823661,2026-09-01,Minnesota Twins,Detroit Tigers,702193,"Morris, Andrew",675512,"Melton, Troy"
823908,2026-09-01,Los Angeles Dodgers,St. Louis Cardinals,641778,"Lauer, Eric",700241,"McGreevy, Michael"
823984,2026-09-01,Los Angeles Angels,New York Yankees,680570,"Rodriguez, Grayson",543037,"Cole, Gerrit"
824070,2026-09-01,Kansas City Royals,Miami Marlins,677976,"Dobnak, Randy",663969,"Phillips, Tyler"
824148,2026-09-01,Houston Astros,Chicago White Sox,669854,"Blanco, Ronel",680732,"Burke, Sean"
824313,2026-09-01,Colorado Rockies,Baltimore Orioles,687312,"Hughes, Gabriel",680694,"Bradish, Kyle"
824391,2026-09-01,Cleveland Guardians,Toronto Blue Jays,668909,"Williams, Gavin",693686,"Miles, Spencer"
824472,2026-09-01,Cincinnati Reds,San Diego Padres,666157,"Lodolo, Nick",681190,"Vásquez, Randy"
824633,2026-09-01,Chicago Cubs,Milwaukee Brewers,571510,"Boyd, Matthew",688107,"Gasser, Robert"
824716,2026-09-01,Boston Red Sox,Seattle Mariners,699151,"Paez, Jedixson",693433,"Woo, Bryan"
825038,2026-09-01,Arizona Diamondbacks,Philadelphia Phillies,593958,"Rodriguez, Eduardo",666200,"Luzardo, Jesús"
